<clockskin>
    <drawable>
        <name>image1.png</name>
    </drawable>
    <drawable>
        <arraytype>99</arraytype>
        <centerX>-20</centerX>
        <centerY>42</centerY>
    </drawable>
    <drawable>
        <name>image2.png</name>
    </drawable>
    <drawable>
        <name>digital1.xml</name>
        <arraytype>3</arraytype>
        <centerX>-59</centerX>
        <centerY>0</centerY>
    </drawable>
    <drawable>
        <name>digital2.xml</name>
        <arraytype>5</arraytype>
        <centerX>92</centerX>
        <centerY>2</centerY>
    </drawable>
    <drawable>
        <name>digital3.xml</name>
        <arraytype>4</arraytype>
        <centerX>128</centerX>
        <centerY>2</centerY>
    </drawable>
    <drawable>
        <name>image3.png</name>
    </drawable>
    <drawable>
        <name>digital4.xml</name>
        <arraytype>14</arraytype>
        <centerX>2</centerX>
        <centerY>72</centerY>
    </drawable>
    <drawable>
        <name>image4.png</name>
    </drawable>
    <drawable>
        <name>image5.png</name>
        <rotate>7</rotate>
        <mulrotate>1</mulrotate>
    </drawable>
    <drawable>
        <name>image6.png</name>
        <rotate>2</rotate>
        <mulrotate>1</mulrotate>
    </drawable>
    <drawable>
        <name>image7.png</name>
    </drawable>
    <drawable>
        <name>image8.png</name>
        <rotate>10</rotate>
        <mulrotate>1</mulrotate>
    </drawable>
    <drawable>
        <name>image9.png</name>
        <rotate>3</rotate>
        <mulrotate>1</mulrotate>
    </drawable>
    <drawable>
        <name>image10.png</name>
        <rotate>3</rotate>
        <mulrotate>1</mulrotate>
    </drawable>
    <drawable>
        <name>image11.png</name>
    </drawable>
</clockskin>
