<clockskin>
    <drawable>
        <name>image1.png</name>
    </drawable>
    <drawable>
        <name>digital1.xml</name>
        <arraytype>4</arraytype>
        <centerX>53</centerX>
        <centerY>2</centerY>
    </drawable>
    <drawable>
        <name>image2.png</name>
    </drawable>
    <drawable>
        <name>digital2.xml</name>
        <arraytype>3</arraytype>
        <centerX>113</centerX>
        <centerY>2</centerY>
    </drawable>
    <drawable>
        <name>image3.png</name>
    </drawable>
    <drawable>
        <name>digital3.xml</name>
        <arraytype>5</arraytype>
        <centerX>-99</centerX>
        <centerY>2</centerY>
    </drawable>
    <drawable>
        <name>digital4.xml</name>
        <arraytype>6</arraytype>
        <centerX>0</centerX>
        <centerY>82</centerY>
    </drawable>
    <drawable>
        <name>digital5.xml</name>
        <arraytype>12</arraytype>
        <centerX>-34</centerX>
        <centerY>128</centerY>
    </drawable>
    <drawable>
        <name>image4.png</name>
    </drawable>
    <drawable>
        <name>digital6.xml</name>
        <arraytype>13</arraytype>
        <centerX>-5</centerX>
        <centerY>157</centerY>
    </drawable>
    <drawable>
        <name>image5.png</name>
    </drawable>
    <drawable>
        <name>digital7.xml</name>
        <arraytype>14</arraytype>
        <centerX>-130</centerX>
        <centerY>80</centerY>
    </drawable>
    <drawable>
        <name>image6.png</name>
    </drawable>
    <drawable>
        <name>digital8.xml</name>
        <arraytype>14</arraytype>
        <centerX>-529</centerX>
        <centerY>73</centerY>
    </drawable>
    <drawable>
        <name>digital9.xml</name>
        <arraytype>14</arraytype>
        <centerX>-129</centerX>
        <centerY>73</centerY>
    </drawable>
    <drawable>
        <name>digital10.xml</name>
        <arraytype>14</arraytype>
        <centerX>271</centerX>
        <centerY>73</centerY>
    </drawable>
    <drawable>
        <name>digital11.xml</name>
        <arraytype>9</arraytype>
        <centerX>129</centerX>
        <centerY>75</centerY>
    </drawable>
    <drawable>
        <name>image7.png</name>
    </drawable>
    <drawable>
        <name>digital12.xml</name>
        <arraytype>9</arraytype>
        <centerX>-71</centerX>
        <centerY>73</centerY>
    </drawable>
    <drawable>
        <name>digital13.xml</name>
        <arraytype>9</arraytype>
        <centerX>329</centerX>
        <centerY>73</centerY>
    </drawable>
    <drawable>
        <name>digital14.xml</name>
        <arraytype>11</arraytype>
        <centerX>84</centerX>
        <centerY>126</centerY>
    </drawable>
    <drawable>
        <name>digital15.xml</name>
        <arraytype>10</arraytype>
        <centerX>44</centerX>
        <centerY>143</centerY>
    </drawable>
    <drawable>
        <name>image8.png</name>
    </drawable>
    <drawable>
        <rotate>1</rotate>
        <mulrotate>1</mulrotate>
        <name>image9.png</name>
    </drawable>
    <drawable>
        <rotate>1</rotate>
        <mulrotate>1</mulrotate>
        <name>image10.png</name>
    </drawable>
    <drawable>
        <rotate>2</rotate>
        <mulrotate>1</mulrotate>
        <name>image11.png</name>
    </drawable>
    <drawable>
        <rotate>2</rotate>
        <mulrotate>1</mulrotate>
        <name>image12.png</name>
    </drawable>
    <drawable>
        <rotate>10</rotate>
        <mulrotate>1</mulrotate>
        <name>image13.png</name>
    </drawable>
    <drawable>
        <rotate>3</rotate>
        <mulrotate>1</mulrotate>
        <name>image14.png</name>
    </drawable>
    <drawable>
        <name>image15.png</name>
    </drawable>
</clockskin>
