<?xml version="1.0" encoding="utf-8"?>
<drawables>
     <image>animation_2_0.png</image>
     <image>animation_2_1.png</image>
     <image>animation_2_2.png</image>
     <image>animation_2_3.png</image>
     <image>animation_2_4.png</image>
     <image>animation_2_5.png</image>
     <image>animation_1_6.png</image>
     <image>animation_2_7.png</image>
     <image>animation_2_8.png</image>
     <image>animation_2_9.png</image>
     <image>animation_2_10.png</image>
     <image>animation_2_11.png</image>
     <image>animation_2_12.png</image>
     <image>animation_2_13.png</image>
     <image>animation_2_14.png</image>
     <image>animation_2_15.png</image>
     <image>animation_2_16.png</image>
     <image>animation_2_17.png</image>
     <image>animation_2_18.png</image>
     <image>animation_2_19.png</image>
     <image>animation_2_20.png</image>
     <image>animation_2_21.png</image>
     <image>animation_2_20.png</image>
     <image>animation_2_19.png</image>
     <image>animation_2_18.png</image>
     <image>animation_2_17.png</image>
     <image>animation_2_16.png</image>
     <image>animation_2_15.png</image>
     <image>animation_2_14.png</image>
     <image>animation_2_13.png</image>
     <image>animation_2_12.png</image>
     <image>animation_2_11.png</image>
     <image>animation_2_10.png</image>
     <image>animation_2_9.png</image>
     <image>animation_2_8.png</image>
     <image>animation_2_7.png</image>
     <image>animation_1_6.png</image>
     <image>animation_2_5.png</image>
     <image>animation_2_4.png</image>
     <image>animation_2_3.png</image>
     <image>animation_2_2.png</image>
     <image>animation_2_1.png</image>
     <image>animation_2_0.png</image>
     <image>animation_2_43.png</image>
     <image>animation_2_44.png</image>
     <image>animation_2_45.png</image>
     <image>animation_2_46.png</image>
     <image>animation_2_47.png</image>
     <image>animation_2_48.png</image>
     <image>animation_2_49.png</image>
     <image>animation_2_50.png</image>
     <image>animation_2_51.png</image>
     <image>animation_2_50.png</image>
     <image>animation_2_49.png</image>
     <image>animation_2_48.png</image>
     <image>animation_2_47.png</image>
     <image>animation_2_46.png</image>
     <image>animation_2_45.png</image>
     <image>animation_2_44.png</image>
     <image>animation_2_43.png</image>
</drawables>
