<?xml version="1.0" encoding="utf-8"?>
<drawables>
     <image>p00.png</image>
     <image>p39.png</image>
     <image>p38.png</image>
     <image>p37.png</image>
     <image>p36.png</image>
     <image>p35.png</image>
     <image>p34.png</image>
     <image>p33.png</image>
     <image>p32.png</image>
     <image>p31.png</image>
     <image>p30.png</image>
     <image>p29.png</image>
     <image>p28.png</image>
     <image>p27.png</image>
     <image>p26.png</image>
     <image>p25.png</image>
     <image>p24.png</image>
     <image>p23.png</image>
     <image>p22.png</image>
     <image>p21.png</image>
     <image>p20.png</image>
     <image>p19.png</image>
     <image>p18.png</image>
     <image>p17.png</image>
     <image>p16.png</image>
     <image>p15.png</image>
     <image>p14.png</image>
     <image>p13.png</image>
     <image>p12.png</image>
     <image>p11.png</image>
     <image>p10.png</image>
     <image>p09.png</image>
     <image>p08.png</image>
     <image>p07.png</image>
     <image>p06.png</image>
     <image>p05.png</image>
     <image>p04.png</image>
     <image>p03.png</image>
     <image>p02.png</image>
     <image>p01.png</image>
</drawables>
