<?xml version="1.0" encoding="utf-8"?>
<clockskin>
	<drawable>
		<name>clock_bg.png</name>
	</drawable>
	<drawable>
		<name>battery_array.xml</name>
		<arraytype>14</arraytype>
		<centerX>4</centerX>
		<centerY>124</centerY>
	</drawable>
	<drawable>
		<name>distance.xml</name>
		<arraytype>60</arraytype>
		<centerX>72</centerX>
		<centerY>-69</centerY>
	</drawable>
	<drawable>
		<name>steps.xml</name>
		<arraytype>12</arraytype>
		<centerX>-81</centerX>
		<centerY>-69</centerY>
	</drawable>
	<drawable>
		<name>weekday.xml</name>
		<arraytype>5</arraytype>
		<centerX>115</centerX>
		<centerY>-28</centerY>
	</drawable>
	<drawable>
		<name>date.xml</name>
		<arraytype>4</arraytype>
		<centerX>114</centerX>
	</drawable>
	<drawable>
		<name>month.xml</name>
		<arraytype>3</arraytype>
		<centerX>115</centerX>
		<centerY>28</centerY>
	</drawable>
	<drawable>
		<name>weather_array.xml</name>
		<arraytype>10</arraytype>
		<centerX>-109</centerX>
		<centerY>4</centerY>
	</drawable>
	<drawable>
		<name>temp.xml</name>
		<arraytype>11</arraytype>
		<centerX>-112</centerX>
		<centerY>40</centerY>
	</drawable>
	<drawable>
		<name>clock_hour.png</name>
		<rotate>1</rotate>
	</drawable>
	<drawable>
		<name>clock_minute.png</name>
		<rotate>2</rotate>
	</drawable>
	<drawable>
		<name>clock_second.png</name>
		<rotate>3</rotate>
	</drawable>
	<drawable>
		<!--CALENDAR-->
		<arraytype>100</arraytype>
		<centerX>115</centerX>
		<centerY>-1</centerY>
		<range>40</range>
		<cls>com.android.calendar.AllInOneActivity</cls>
		<pkg>com.android.calendar</pkg>
	</drawable>
	<drawable>
		<!--WEATHER-->
		<arraytype>100</arraytype>
		<centerX>-109</centerX>
		<centerY>-3</centerY>
		<range>40</range>
		<cls>com.android.watchweather.WeatherActivity</cls>
		<pkg>com.android.watchweather</pkg>
	</drawable>
	<drawable>
		<!--BATTERY-->
		<arraytype>100</arraytype>
		<centerX>0</centerX>
		<centerY>121</centerY>
		<range>40</range>
		<cls>com.android.settings.Settings$PowerUsageSummaryActivity</cls>
		<pkg>com.android.settings</pkg>
	</drawable>
	<drawable>
		<!--FITNESS ON STEPS AREA-->
		<arraytype>100</arraytype>
		<centerX>-82</centerX>
		<centerY>-81</centerY>
		<range>40</range>
		<cls>com.sprots.wiiteer.fitness.module.main.ui.MainActivity</cls>
		<pkg>com.sprots.wiiteer.fitness</pkg>
	</drawable>
	<drawable>
		<!--FITNESS ON DISTANCE AREA-->
		<arraytype>100</arraytype>
		<centerX>82</centerX>
		<centerY>-81</centerY>
		<range>40</range>
		<cls>com.sprots.wiiteer.fitness.module.main.ui.MainActivity</cls>
		<pkg>com.sprots.wiiteer.fitness</pkg>
	</drawable>
	<drawable>
		<!--GOOGLE MAPS-->
		<arraytype>100</arraytype>
		<centerX>150</centerX>
		<centerY>87</centerY>
		<range>50</range>
		<cls>com.google.android.maps.MapsActivity</cls>
		<pkg>com.google.android.apps.maps</pkg>
	</drawable>
<!--COMMENTED BY ClockSkinMaker
<metadata gui='rra' version='1.6.0.0'/>
-->
</clockskin>