<clockskin>
    <drawable>
        <name>image1.png</name>
    </drawable>
    <drawable>
        <name>digital1.xml</name>
        <arraytype>6</arraytype>
        <centerX>0</centerX>
        <centerY>110</centerY>
    </drawable>
    <drawable>
        <name>digital2.xml</name>
        <arraytype>12</arraytype>
        <centerX>81</centerX>
        <centerY>-14</centerY>
    </drawable>
    <drawable>
        <name>digital3.xml</name>
        <arraytype>13</arraytype>
        <centerX>76</centerX>
        <centerY>21</centerY>
    </drawable>
    <drawable>
        <name>digital4.xml</name>
        <arraytype>14</arraytype>
        <centerX>-1</centerX>
        <centerY>70</centerY>
    </drawable>
    <drawable>
        <name>digital5.xml</name>
        <arraytype>11</arraytype>
        <centerX>-74</centerX>
        <centerY>21</centerY>
    </drawable>
    <drawable>
        <name>digital6.xml</name>
        <arraytype>10</arraytype>
        <centerX>-75</centerX>
        <centerY>-21</centerY>
    </drawable>
    <drawable>
        <name>image2.png</name>
    </drawable>
    <drawable>
        <name>digital7.xml</name>
        <arraytype>4</arraytype>
        <centerX>-102</centerX>
        <centerY>94</centerY>
    </drawable>
    <drawable>
        <name>digital7.xml</name>
        <arraytype>4</arraytype>
        <centerX>293</centerX>
        <centerY>100</centerY>
    </drawable>
    <drawable>
        <name>image3.png</name>
    </drawable>
    <drawable>
        <rotate>1</rotate>
        <mulrotate>1</mulrotate>
        <name>image4.png</name>
    </drawable>
    <drawable>
        <rotate>2</rotate>
        <mulrotate>1</mulrotate>
        <name>image5.png</name>
    </drawable>
    <drawable>
        <rotate>10</rotate>
        <mulrotate>1</mulrotate>
        <name>image6.png</name>
    </drawable>
    <drawable>
        <rotate>3</rotate>
        <mulrotate>1</mulrotate>
        <name>image7.png</name>
    </drawable>
</clockskin>
