<?xml version="1.0" encoding="utf-8"?>
<clockskin>
	<drawable>
		<name>grund.png</name>
	</drawable>
	<drawable>
		<name>hm.xml</name>
		<arraytype>6</arraytype>
		<centerY>-33</centerY>
	</drawable>
	<drawable>
		<name>day.xml</name>
		<arraytype>5</arraytype>
		<centerY>-170</centerY>
	</drawable>
	<drawable>
		<name>date_1.xml</name>
		<arraytype>16</arraytype>
		<centerX>33</centerX>
		<centerY>50</centerY>
	</drawable>
	<drawable>
		<name>blende.png</name>
	</drawable>
	<drawable>
		<name>mon.xml</name>
		<arraytype>3</arraytype>
		<centerY>50</centerY>
	</drawable>
	<drawable>
		<name>date.xml</name>
		<arraytype>4</arraytype>
		<centerX>-54</centerX>
		<centerY>50</centerY>
	</drawable>
<!--COMMENTED BY ClockSkinMaker
<metadata gui='rra' version='1.4.0.0'/>
-->
</clockskin>