﻿<?xml version="1.0" encoding="utf-8"?>
<clockskin>
  <drawable>
    <name>image1.png</name>
  </drawable>
  <drawable>
    <name>image2.png</name>
    <arraytype>75</arraytype>
    <centerX>-250</centerX>
    <centerY>0</centerY>
    <endX>250</endX>
    <endY>0</endY>
    <mulrotate>300</mulrotate>
    <color>0</color>
    <direction>1</direction>
  </drawable>
  <drawable>
    <name>image3.png</name>
  </drawable>
  <drawable>
    <rotate>1</rotate>
    <direction>1</direction>
    <mulrotate>1</mulrotate>
    <name>image4.png</name>
  </drawable>
  <drawable>
    <rotate>2</rotate>
    <direction>1</direction>
    <mulrotate>1</mulrotate>
    <name>image5.png</name>
  </drawable>
  <drawable>
    <rotate>3</rotate>
    <direction>1</direction>
    <mulrotate>1</mulrotate>
    <name>image6.png</name>
  </drawable>
</clockskin>