<clockskin>
    <drawable>
        <name>image1.png</name>
    </drawable>
    <drawable>
        <name>image2.png</name>
        <rotate>3</rotate>
        <mulrotate>1</mulrotate>
    </drawable>
    <drawable>
        <name>image3.png</name>
        <rotate>2</rotate>
        <mulrotate>0</mulrotate>
    </drawable>
    <drawable>
        <name>image4.png</name>
        <rotate>3</rotate>
        <mulrotate>1</mulrotate>
    </drawable>
    <drawable>
        <name>image5.png</name>
        <rotate>1</rotate>
        <mulrotate>1</mulrotate>
    </drawable>
    <drawable>
        <name>image6.png</name>
    </drawable>
    <drawable>
        <name>digital1.xml</name>
        <arraytype>2</arraytype>
        <centerX>114</centerX>
        <centerY>0</centerY>
    </drawable>
    <drawable>
        <arraytype>99</arraytype>
    </drawable>
    <drawable>
        <name>image7.png</name>
    </drawable>
    <drawable>
        <name>image8.png</name>
        <rotate>3</rotate>
        <direction>2</direction>
        <mulrotate>1</mulrotate>
        <centerX>0</centerX>
        <centerY>3</centerY>
    </drawable>
</clockskin>
