<?xml version="1.0" encoding="utf-8"?>
<drawables>
     <image>animation_7_0.png</image>
     <image>animation_7_1.png</image>
     <image>animation_7_2.png</image>
     <image>animation_7_3.png</image>
     <image>animation_7_4.png</image>
     <image>animation_7_5.png</image>
     <image>animation_7_6.png</image>
     <image>animation_7_7.png</image>
     <image>animation_7_8.png</image>
     <image>animation_7_9.png</image>
     <image>animation_7_10.png</image>
     <image>animation_7_11.png</image>
     <image>animation_7_12.png</image>
     <image>animation_7_13.png</image>
     <image>animation_7_14.png</image>
     <image>animation_7_15.png</image>
     <image>animation_7_16.png</image>
     <image>animation_7_17.png</image>
     <image>animation_7_18.png</image>
     <image>animation_7_19.png</image>
     <image>animation_7_20.png</image>
     <image>animation_7_21.png</image>
     <image>animation_7_22.png</image>
     <image>animation_7_23.png</image>
     <image>animation_7_24.png</image>
     <image>animation_7_25.png</image>
     <image>animation_7_26.png</image>
     <image>animation_7_27.png</image>
     <image>animation_7_28.png</image>
     <image>animation_7_29.png</image>
     <image>animation_7_30.png</image>
     <image>animation_7_31.png</image>
     <image>animation_7_32.png</image>
     <image>animation_7_33.png</image>
     <image>animation_7_34.png</image>
     <image>animation_7_35.png</image>
</drawables>
