<clockskin>
    <drawable>
        <name>image1.png</name>
    </drawable>
    <drawable>
        <rotate>3</rotate>
        <mulrotate>1</mulrotate>
        <centerX>3</centerX>
        <centerY>108</centerY>
        <name>image2.png</name>
    </drawable>
    <drawable>
        <name>image3.png</name>
    </drawable>
    <drawable>
        <name>digital1.xml</name>
        <arraytype>19</arraytype>
    </drawable>
    <drawable>
        <name>image4.png</name>
    </drawable>
    <drawable>
        <rotate>3</rotate>
        <mulrotate>1</mulrotate>
        <centerX>0</centerX>
        <centerY>105</centerY>
        <name>image5.png</name>
    </drawable>
    <drawable>
        <name>animated_image_1.xml</name>
        <framerate>6.00000000000000</framerate>
        <centerX>3</centerX>
        <centerY>108</centerY>
        <rotate>3</rotate>
        <mulrotate>1</mulrotate>
    </drawable>
    <drawable>
        <name>animated_image_2.xml</name>
        <framerate>6.00000000000000</framerate>
        <centerX>0</centerX>
        <centerY>105</centerY>
        <rotate>3</rotate>
        <mulrotate>1</mulrotate>
    </drawable>
    <drawable>
        <name>animated_image_3.xml</name>
        <framerate>6.00000000000000</framerate>
        <centerX>0</centerX>
        <centerY>105</centerY>
        <rotate>3</rotate>
        <mulrotate>1</mulrotate>
    </drawable>
    <drawable>
        <rotate>3</rotate>
        <mulrotate>1</mulrotate>
        <centerX>3</centerX>
        <centerY>108</centerY>
        <name>image6.png</name>
    </drawable>
    <drawable>
        <rotate>3</rotate>
        <mulrotate>1</mulrotate>
        <centerX>0</centerX>
        <centerY>105</centerY>
        <name>image7.png</name>
    </drawable>
    <drawable>
        <name>animated_image_4.xml</name>
        <framerate>70.00000000000000</framerate>
        <centerX>3</centerX>
        <centerY>108</centerY>
        <rotate>3</rotate>
        <mulrotate>1</mulrotate>
    </drawable>
    <drawable>
        <name>animated_image_5.xml</name>
        <framerate>70.00000000000000</framerate>
        <centerX>0</centerX>
        <centerY>105</centerY>
        <rotate>3</rotate>
        <mulrotate>1</mulrotate>
    </drawable>
    <drawable>
        <name>image8.png</name>
    </drawable>
    <drawable>
        <name>animated_image_6.xml</name>
        <framerate>100.00000000000000</framerate>
        <centerX>0</centerX>
        <centerY>105</centerY>
        <rotate>3</rotate>
        <mulrotate>1</mulrotate>
    </drawable>
    <drawable>
        <rotate>3</rotate>
        <mulrotate>1</mulrotate>
        <centerX>0</centerX>
        <centerY>105</centerY>
        <name>image9.png</name>
    </drawable>
    <drawable>
        <name>image10.png</name>
    </drawable>
    <drawable>
        <rotate>6</rotate>
        <direction>2</direction>
        <mulrotate>-5</mulrotate>
        <centerX>-110</centerX>
        <centerY>-71</centerY>
        <name>image11.png</name>
    </drawable>
    <drawable>
        <rotate>6</rotate>
        <mulrotate>-5</mulrotate>
        <centerX>-112</centerX>
        <centerY>-73</centerY>
        <name>image12.png</name>
    </drawable>
    <drawable>
        <rotate>6</rotate>
        <mulrotate>-5</mulrotate>
        <centerX>-113</centerX>
        <centerY>-74</centerY>
        <name>image13.png</name>
    </drawable>
    <drawable>
        <rotate>6</rotate>
        <mulrotate>-5</mulrotate>
        <centerX>-112</centerX>
        <centerY>-73</centerY>
        <name>image14.png</name>
    </drawable>
    <drawable>
        <name>image15.png</name>
    </drawable>
    <drawable>
        <rotate>1</rotate>
        <mulrotate>1</mulrotate>
        <centerX>2</centerX>
        <centerY>-92</centerY>
        <name>image16.png</name>
    </drawable>
    <drawable>
        <rotate>1</rotate>
        <mulrotate>1</mulrotate>
        <centerX>0</centerX>
        <centerY>-94</centerY>
        <name>image17.png</name>
    </drawable>
    <drawable>
        <rotate>1</rotate>
        <mulrotate>1</mulrotate>
        <centerX>-1</centerX>
        <centerY>-95</centerY>
        <name>image18.png</name>
    </drawable>
    <drawable>
        <rotate>1</rotate>
        <mulrotate>1</mulrotate>
        <centerX>0</centerX>
        <centerY>-94</centerY>
        <name>image19.png</name>
    </drawable>
    <drawable>
        <name>animated_image_7.xml</name>
        <framerate>0.00083333333333</framerate>
        <centerX>0</centerX>
        <centerY>-94</centerY>
        <rotate>1</rotate>
        <mulrotate>1</mulrotate>
    </drawable>
    <drawable>
        <rotate>2</rotate>
        <mulrotate>1</mulrotate>
        <centerX>2</centerX>
        <centerY>-92</centerY>
        <name>image20.png</name>
    </drawable>
    <drawable>
        <rotate>2</rotate>
        <mulrotate>1</mulrotate>
        <centerX>0</centerX>
        <centerY>-94</centerY>
        <name>image21.png</name>
    </drawable>
    <drawable>
        <rotate>2</rotate>
        <mulrotate>1</mulrotate>
        <centerX>-1</centerX>
        <centerY>-95</centerY>
        <name>image22.png</name>
    </drawable>
    <drawable>
        <rotate>2</rotate>
        <mulrotate>1</mulrotate>
        <centerX>0</centerX>
        <centerY>-94</centerY>
        <name>image23.png</name>
    </drawable>
    <drawable>
        <name>animated_image_8.xml</name>
        <framerate>0.01000000000000</framerate>
        <centerX>0</centerX>
        <centerY>-94</centerY>
        <rotate>2</rotate>
        <mulrotate>1</mulrotate>
    </drawable>
    <drawable>
        <name>image24.png</name>
    </drawable>
</clockskin>
