<?xml version="1.0" encoding="utf-8"?>
<drawables>
     <image>127.png</image>
     <image>132.png</image>
     <image>137.png</image>
     <image>142.png</image>
     <image>147.png</image>
     <image>152.png</image>
     <image>157.png</image>
     <image>162.png</image>
     <image>167.png</image>
     <image>172.png</image>
     <image>177.png</image>
     <image>182.png</image>
     <image>187.png</image>
     <image>192.png</image>
     <image>197.png</image>
     <image>202.png</image>
     <image>207.png</image>
     <image>212.png</image>
     <image>217.png</image>
     <image>222.png</image>
     <image>227.png</image>
     <image>232.png</image>
     <image>237.png</image>
     <image>242.png</image>
     <image>247.png</image>
     <image>252.png</image>
     <image>257.png</image>
     <image>262.png</image>
     <image>267.png</image>
     <image>272.png</image>
     <image>277.png</image>
     <image>282.png</image>
     <image>287.png</image>
     <image>292.png</image>
     <image>297.png</image>
     <image>302.png</image>
</drawables>
