<clockskin>
    <drawable>
        <name>image1.png</name>
    </drawable>
    <drawable>
        <name>digital1.xml</name>
        <arraytype>5</arraytype>
        <centerX>-11</centerX>
        <centerY>-52</centerY>
    </drawable>
    <drawable>
        <name>digital2.xml</name>
        <arraytype>4</arraytype>
        <centerX>-123</centerX>
        <centerY>53</centerY>
    </drawable>
    <drawable>
        <name>digital3.xml</name>
        <arraytype>12</arraytype>
        <centerX>-78</centerX>
        <centerY>96</centerY>
    </drawable>
    <drawable>
        <name>digital4.xml</name>
        <arraytype>10</arraytype>
        <centerX>-52</centerX>
        <centerY>-110</centerY>
    </drawable>
    <drawable>
        <name>digital5.xml</name>
        <arraytype>11</arraytype>
        <centerX>87</centerX>
        <centerY>-94</centerY>
    </drawable>
    <drawable>
        <name>digital6.xml</name>
        <arraytype>13</arraytype>
        <centerX>99</centerX>
        <centerY>96</centerY>
    </drawable>
    <drawable>
        <name>digital7.xml</name>
        <arraytype>14</arraytype>
        <centerX>23</centerX>
        <centerY>96</centerY>
    </drawable>
    <drawable>
        <name>digital8.xml</name>
        <arraytype>3</arraytype>
        <centerX>-11</centerX>
        <centerY>51</centerY>
    </drawable>
    <drawable>
        <name>digital9.xml</name>
        <arraytype>16</arraytype>
        <centerX>113</centerX>
        <centerY>51</centerY>
    </drawable>
    <drawable>
        <name>digital10.xml</name>
        <arraytype>9</arraytype>
        <centerX>136</centerX>
        <centerY>-49</centerY>
    </drawable>
    <drawable>
        <name>digital11.xml</name>
        <arraytype>6</arraytype>
        <centerX>6</centerX>
        <centerY>5</centerY>
    </drawable>
    <drawable>
        <name>digital12.xml</name>
        <arraytype>6</arraytype>
        <centerX>0</centerX>
        <centerY>-12</centerY>
    </drawable>
    <drawable>
        <name>digital13.xml</name>
        <arraytype>6</arraytype>
        <centerX>0</centerX>
        <centerY>14</centerY>
    </drawable>
    <drawable>
        <name>image2.png</name>
    </drawable>
</clockskin>
