<?xml version="1.0" encoding="utf-8"?>
<clockskin>
	<drawable>
		<name>Backface.png</name>
	</drawable>
	<drawable>
		<name>24h.png</name>
		<rotate>7</rotate>
		<angle>180</angle>
		<direction>2</direction>
	</drawable>
	<drawable>
		<name>Arm.png</name>
		<centerY>-98</centerY>
	</drawable>
	<drawable>
		<name>time.xml</name>
		<arraytype>1</arraytype>
	</drawable>
	<drawable>
		<name>day.xml</name>
		<arraytype>5</arraytype>
		<centerX>94</centerX>
		<centerY>42</centerY>
	</drawable>
	<drawable>
		<name>Minutes2.xml</name>
		<arraytype>8</arraytype>
		<centerX>5</centerX>
		<centerY>-100</centerY>
	</drawable>
	<drawable>
		<name>steps.xml</name>
		<arraytype>12</arraytype>
		<centerY>108</centerY>
	</drawable>
	<drawable>
		<name>toplayer.png</name>
	</drawable>
<!--COMMENTED BY ClockSkinMaker
<metadata gui='rra' version='2.0.0.2'/>
-->
</clockskin>