<?xml version="1.0" encoding="utf-8"?>
<drawables>
	<image>day_sun.png</image>
	<image>day_mon.png</image>
	<image>day_tue.png</image>
	<image>day_wed.png</image>
	<image>day_thu.png</image>
	<image>day_fri.png</image>
	<image>day_sat.png</image>
<!--COMMENTED BY ClockSkinMaker
<metadata gui='rra' version='2.0.0.2' type='array_weekday' forecolor='FFFFFF' autoscale='0' font='Goudy Old Style' fontstyle='Regular' fontsize='24'>
<content>Sun</content>
<content>Mon</content>
<content>Tue</content>
<content>Wed</content>
<content>Thu</content>
<content>Fri</content>
<content>Sat</content>
</metadata>
-->
</drawables>