<?xml version="1.0" encoding="utf-8"?>
<drawables>
     <image>animation_1_0.png</image>
     <image>animation_1_1.png</image>
     <image>animation_1_2.png</image>
     <image>animation_1_3.png</image>
     <image>animation_1_4.png</image>
     <image>animation_1_5.png</image>
     <image>animation_1_6.png</image>
     <image>animation_1_7.png</image>
     <image>animation_1_8.png</image>
     <image>animation_1_9.png</image>
     <image>animation_1_10.png</image>
     <image>animation_1_11.png</image>
     <image>animation_1_12.png</image>
     <image>animation_1_13.png</image>
     <image>animation_1_14.png</image>
     <image>animation_1_15.png</image>
     <image>animation_1_16.png</image>
     <image>animation_1_17.png</image>
     <image>animation_1_18.png</image>
     <image>animation_1_19.png</image>
     <image>animation_1_20.png</image>
     <image>animation_1_21.png</image>
     <image>animation_1_22.png</image>
     <image>animation_1_23.png</image>
     <image>animation_1_24.png</image>
     <image>animation_1_25.png</image>
     <image>animation_1_26.png</image>
     <image>animation_1_27.png</image>
     <image>animation_1_28.png</image>
     <image>animation_1_29.png</image>
     <image>animation_1_30.png</image>
     <image>animation_1_31.png</image>
     <image>animation_1_32.png</image>
     <image>animation_1_33.png</image>
     <image>animation_1_34.png</image>
     <image>animation_1_35.png</image>
     <image>animation_1_36.png</image>
     <image>animation_1_37.png</image>
     <image>animation_1_38.png</image>
     <image>animation_1_39.png</image>
     <image>animation_1_40.png</image>
     <image>animation_1_41.png</image>
     <image>animation_1_42.png</image>
     <image>animation_1_43.png</image>
     <image>animation_1_44.png</image>
     <image>animation_1_45.png</image>
     <image>animation_1_46.png</image>
     <image>animation_1_47.png</image>
     <image>animation_1_48.png</image>
     <image>animation_1_49.png</image>
     <image>animation_1_50.png</image>
     <image>animation_1_51.png</image>
     <image>animation_1_52.png</image>
     <image>animation_1_53.png</image>
     <image>animation_1_54.png</image>
     <image>animation_1_55.png</image>
     <image>animation_1_56.png</image>
     <image>animation_1_57.png</image>
     <image>animation_1_58.png</image>
     <image>animation_1_59.png</image>
     <image>animation_1_60.png</image>
     <image>animation_1_61.png</image>
     <image>animation_1_62.png</image>
     <image>animation_1_63.png</image>
     <image>animation_1_64.png</image>
     <image>animation_1_65.png</image>
     <image>animation_1_66.png</image>
     <image>animation_1_67.png</image>
     <image>animation_1_68.png</image>
     <image>animation_1_69.png</image>
     <image>animation_1_70.png</image>
     <image>animation_1_71.png</image>
     <image>animation_1_72.png</image>
     <image>animation_1_73.png</image>
     <image>animation_1_74.png</image>
     <image>animation_1_75.png</image>
     <image>animation_1_76.png</image>
     <image>animation_1_77.png</image>
     <image>animation_1_78.png</image>
     <image>animation_1_79.png</image>
     <image>animation_1_80.png</image>
     <image>animation_1_81.png</image>
     <image>animation_1_82.png</image>
     <image>animation_1_83.png</image>
     <image>animation_1_84.png</image>
     <image>animation_1_85.png</image>
     <image>animation_1_86.png</image>
     <image>animation_1_87.png</image>
     <image>animation_1_88.png</image>
     <image>animation_1_89.png</image>
     <image>animation_1_90.png</image>
     <image>animation_1_91.png</image>
     <image>animation_1_92.png</image>
     <image>animation_1_93.png</image>
     <image>animation_1_94.png</image>
     <image>animation_1_95.png</image>
     <image>animation_1_96.png</image>
     <image>animation_1_97.png</image>
     <image>animation_1_98.png</image>
     <image>animation_1_99.png</image>
     <image>animation_1_100.png</image>
     <image>animation_1_101.png</image>
     <image>animation_1_102.png</image>
     <image>animation_1_103.png</image>
     <image>animation_1_104.png</image>
     <image>animation_1_105.png</image>
     <image>animation_1_106.png</image>
     <image>animation_1_107.png</image>
     <image>animation_1_108.png</image>
     <image>animation_1_109.png</image>
     <image>animation_1_110.png</image>
     <image>animation_1_111.png</image>
     <image>animation_1_112.png</image>
     <image>animation_1_113.png</image>
     <image>animation_1_114.png</image>
     <image>animation_1_115.png</image>
     <image>animation_1_116.png</image>
     <image>animation_1_117.png</image>
     <image>animation_1_118.png</image>
     <image>animation_1_119.png</image>
     <image>animation_1_120.png</image>
     <image>animation_1_121.png</image>
     <image>animation_1_122.png</image>
     <image>animation_1_123.png</image>
     <image>animation_1_124.png</image>
     <image>animation_1_125.png</image>
     <image>animation_1_126.png</image>
     <image>animation_1_127.png</image>
     <image>animation_1_128.png</image>
     <image>animation_1_129.png</image>
     <image>animation_1_130.png</image>
     <image>animation_1_131.png</image>
     <image>animation_1_132.png</image>
     <image>animation_1_133.png</image>
     <image>animation_1_134.png</image>
     <image>animation_1_135.png</image>
     <image>animation_1_136.png</image>
     <image>animation_1_137.png</image>
     <image>animation_1_138.png</image>
     <image>animation_1_139.png</image>
     <image>animation_1_140.png</image>
     <image>animation_1_141.png</image>
     <image>animation_1_142.png</image>
     <image>animation_1_143.png</image>
     <image>animation_1_144.png</image>
     <image>animation_1_145.png</image>
     <image>animation_1_146.png</image>
     <image>animation_1_147.png</image>
     <image>animation_1_148.png</image>
     <image>animation_1_149.png</image>
     <image>animation_1_150.png</image>
     <image>animation_1_151.png</image>
     <image>animation_1_152.png</image>
     <image>animation_1_153.png</image>
     <image>animation_1_154.png</image>
     <image>animation_1_155.png</image>
     <image>animation_1_156.png</image>
     <image>animation_1_157.png</image>
     <image>animation_1_158.png</image>
     <image>animation_1_159.png</image>
     <image>animation_1_160.png</image>
     <image>animation_1_161.png</image>
     <image>animation_1_162.png</image>
     <image>animation_1_163.png</image>
     <image>animation_1_164.png</image>
     <image>animation_1_165.png</image>
     <image>animation_1_166.png</image>
     <image>animation_1_167.png</image>
     <image>animation_1_168.png</image>
     <image>animation_1_169.png</image>
     <image>animation_1_170.png</image>
     <image>animation_1_171.png</image>
     <image>animation_1_172.png</image>
     <image>animation_1_173.png</image>
     <image>animation_1_174.png</image>
     <image>animation_1_175.png</image>
     <image>animation_1_176.png</image>
     <image>animation_1_177.png</image>
     <image>animation_1_178.png</image>
     <image>animation_1_179.png</image>
     <image>animation_1_180.png</image>
     <image>animation_1_181.png</image>
     <image>animation_1_182.png</image>
     <image>animation_1_183.png</image>
     <image>animation_1_184.png</image>
     <image>animation_1_185.png</image>
     <image>animation_1_186.png</image>
     <image>animation_1_187.png</image>
     <image>animation_1_188.png</image>
     <image>animation_1_189.png</image>
     <image>animation_1_190.png</image>
     <image>animation_1_191.png</image>
     <image>animation_1_192.png</image>
     <image>animation_1_193.png</image>
     <image>animation_1_194.png</image>
     <image>animation_1_195.png</image>
     <image>animation_1_196.png</image>
     <image>animation_1_197.png</image>
     <image>animation_1_198.png</image>
     <image>animation_1_199.png</image>
     <image>animation_1_200.png</image>
     <image>animation_1_201.png</image>
     <image>animation_1_202.png</image>
     <image>animation_1_203.png</image>
     <image>animation_1_204.png</image>
     <image>animation_1_205.png</image>
     <image>animation_1_206.png</image>
     <image>animation_1_207.png</image>
     <image>animation_1_208.png</image>
     <image>animation_1_209.png</image>
     <image>animation_1_210.png</image>
     <image>animation_1_211.png</image>
     <image>animation_1_212.png</image>
     <image>animation_1_213.png</image>
     <image>animation_1_214.png</image>
     <image>animation_1_215.png</image>
     <image>animation_1_216.png</image>
     <image>animation_1_217.png</image>
     <image>animation_1_218.png</image>
     <image>animation_1_219.png</image>
     <image>animation_1_220.png</image>
     <image>animation_1_221.png</image>
     <image>animation_1_222.png</image>
     <image>animation_1_223.png</image>
     <image>animation_1_224.png</image>
     <image>animation_1_225.png</image>
     <image>animation_1_226.png</image>
     <image>animation_1_227.png</image>
     <image>animation_1_228.png</image>
     <image>animation_1_229.png</image>
     <image>animation_1_230.png</image>
     <image>animation_1_231.png</image>
     <image>animation_1_232.png</image>
     <image>animation_1_233.png</image>
     <image>animation_1_234.png</image>
     <image>animation_1_235.png</image>
     <image>animation_1_236.png</image>
     <image>animation_1_237.png</image>
     <image>animation_1_238.png</image>
     <image>animation_1_239.png</image>
     <image>animation_1_240.png</image>
     <image>animation_1_241.png</image>
     <image>animation_1_242.png</image>
     <image>animation_1_243.png</image>
     <image>animation_1_244.png</image>
     <image>animation_1_245.png</image>
     <image>animation_1_246.png</image>
     <image>animation_1_247.png</image>
     <image>animation_1_248.png</image>
     <image>animation_1_249.png</image>
     <image>animation_1_250.png</image>
     <image>animation_1_251.png</image>
     <image>animation_1_252.png</image>
     <image>animation_1_253.png</image>
     <image>animation_1_254.png</image>
     <image>animation_1_255.png</image>
     <image>animation_1_256.png</image>
     <image>animation_1_257.png</image>
     <image>animation_1_258.png</image>
     <image>animation_1_259.png</image>
     <image>animation_1_260.png</image>
     <image>animation_1_261.png</image>
     <image>animation_1_262.png</image>
     <image>animation_1_263.png</image>
     <image>animation_1_264.png</image>
     <image>animation_1_265.png</image>
     <image>animation_1_266.png</image>
     <image>animation_1_267.png</image>
     <image>animation_1_268.png</image>
     <image>animation_1_269.png</image>
     <image>animation_1_270.png</image>
     <image>animation_1_271.png</image>
     <image>animation_1_272.png</image>
     <image>animation_1_273.png</image>
     <image>animation_1_274.png</image>
     <image>animation_1_275.png</image>
     <image>animation_1_276.png</image>
     <image>animation_1_277.png</image>
     <image>animation_1_278.png</image>
     <image>animation_1_279.png</image>
     <image>animation_1_280.png</image>
     <image>animation_1_281.png</image>
     <image>animation_1_282.png</image>
     <image>animation_1_283.png</image>
     <image>animation_1_284.png</image>
     <image>animation_1_285.png</image>
     <image>animation_1_286.png</image>
     <image>animation_1_287.png</image>
     <image>animation_1_288.png</image>
     <image>animation_1_289.png</image>
     <image>animation_1_290.png</image>
     <image>animation_1_291.png</image>
     <image>animation_1_292.png</image>
     <image>animation_1_293.png</image>
     <image>animation_1_294.png</image>
     <image>animation_1_295.png</image>
     <image>animation_1_296.png</image>
     <image>animation_1_297.png</image>
     <image>animation_1_298.png</image>
     <image>animation_1_299.png</image>
     <image>animation_1_300.png</image>
     <image>animation_1_301.png</image>
     <image>animation_1_302.png</image>
     <image>animation_1_303.png</image>
     <image>animation_1_304.png</image>
     <image>animation_1_305.png</image>
     <image>animation_1_306.png</image>
     <image>animation_1_307.png</image>
     <image>animation_1_308.png</image>
     <image>animation_1_309.png</image>
     <image>animation_1_310.png</image>
     <image>animation_1_311.png</image>
     <image>animation_1_312.png</image>
     <image>animation_1_313.png</image>
     <image>animation_1_314.png</image>
</drawables>
