<clockskin>
    <drawable>
        <name>animated_image_1.xml</name>
        <arraytype>62</arraytype>
    </drawable>
    <drawable>
        <name>animated_image_1_bf.xml</name>
        <arraytype>62</arraytype>
    </drawable>
    <drawable>
        <name>digital1.xml</name>
        <arraytype>5</arraytype>
        <centerX>-65</centerX>
        <centerY>-150</centerY>
    </drawable>
    <drawable>
        <name>digital2.xml</name>
        <arraytype>4</arraytype>
        <centerX>1</centerX>
        <centerY>-150</centerY>
    </drawable>
    <drawable>
        <name>digital3.xml</name>
        <arraytype>3</arraytype>
        <centerX>65</centerX>
        <centerY>-150</centerY>
    </drawable>
    <drawable>
        <name>digital4.xml</name>
        <arraytype>7</arraytype>
        <centerX>-148</centerX>
        <centerY>0</centerY>
    </drawable>
    <drawable>
        <name>digital5.xml</name>
        <arraytype>8</arraytype>
        <centerX>135</centerX>
        <centerY>0</centerY>
    </drawable>
    <drawable>
        <name>digital6.xml</name>
        <arraytype>14</arraytype>
        <centerX>-130</centerX>
        <centerY>75</centerY>
    </drawable>
    <drawable>
        <name>digital7.xml</name>
        <arraytype>13</arraytype>
        <centerX>137</centerX>
        <centerY>75</centerY>
    </drawable>
    <drawable>
        <name>digital8.xml</name>
        <arraytype>12</arraytype>
        <centerX>0</centerX>
        <centerY>150</centerY>
    </drawable>
</clockskin>
<!-- Created on WatchFace Designer 0.14.2 beta -->
<!-- Exported for Android 7.1+ Stock ClockSkin Engine -->
