﻿<?xml version="1.0" encoding="utf-8"?>
<clockskin>
  <drawable>
    <rotate>3</rotate>
    <direction>1</direction>
    <mulrotate>1</mulrotate>
    <name>image1.png</name>
  </drawable>
  <drawable>
    <color>1</color>
    <name>animated_image_1.xml</name>
    <arraytype>62</arraytype>
  </drawable>
  <drawable>
    <rotate>1</rotate>
    <direction>1</direction>
    <mulrotate>1</mulrotate>
    <name>image2.png</name>
  </drawable>
  <drawable>
    <rotate>2</rotate>
    <direction>1</direction>
    <mulrotate>1</mulrotate>
    <name>image3.png</name>
  </drawable>
  <drawable>
    <name>image4.png</name>
  </drawable>
</clockskin>
<!-- Created on WatchFace Designer 0.14.2 beta -->
<!-- Exported for Android 7.1+ Stock ClockSkin Engine -->
<!---->
<!--KROLLWARE-->
<!--18-Nov-2020-->
<!--KW_Graphics_08A-STock-->
<!--Graphic Credit: https://skiphursh.tumblr.com/post/45134601283/skip-dolphin-hursh-wwwskiphurshcom-->