<clockskin>
    <drawable>
        <name>image1.png</name>
    </drawable>
    <drawable>
        <name>digital1.xml</name>
        <arraytype>5</arraytype>
        <centerX>-27</centerX>
        <centerY>-63</centerY>
    </drawable>
    <drawable>
        <name>digital2.xml</name>
        <arraytype>4</arraytype>
        <centerX>30</centerX>
        <centerY>-63</centerY>
    </drawable>
    <drawable>
        <name>digital3.xml</name>
        <arraytype>14</arraytype>
        <centerX>0</centerX>
        <centerY>-31</centerY>
    </drawable>
    <drawable>
        <name>image2.png</name>
    </drawable>
    <drawable>
        <name>digital4.xml</name>
        <arraytype>6</arraytype>
        <centerX>0</centerX>
        <centerY>72</centerY>
    </drawable>
    <drawable>
        <name>image3.png</name>
    </drawable>
    <drawable>
        <name>digital5.xml</name>
        <arraytype>12</arraytype>
        <centerX>-50</centerX>
        <centerY>0</centerY>
    </drawable>
    <drawable>
        <name>image4.png</name>
    </drawable>
    <drawable>
        <name>digital6.xml</name>
        <arraytype>13</arraytype>
        <centerX>58</centerX>
        <centerY>0</centerY>
    </drawable>
    <drawable>
        <name>digital7.xml</name>
        <arraytype>9</arraytype>
        <centerX>62</centerX>
        <centerY>67</centerY>
    </drawable>
    <drawable>
        <name>image5.png</name>
    </drawable>
    <drawable>
        <rotate>1</rotate>
        <mulrotate>1</mulrotate>
        <name>image6.png</name>
    </drawable>
    <drawable>
        <rotate>2</rotate>
        <mulrotate>1</mulrotate>
        <name>image7.png</name>
    </drawable>
    <drawable>
        <rotate>3</rotate>
        <mulrotate>1</mulrotate>
        <name>image8.png</name>
    </drawable>
    <drawable>
        <name>image9.png</name>
    </drawable>
</clockskin>
