<?xml version="1.0" encoding="utf-8"?>
<clockskin>
	<drawable>
		<name>clock_bg.png</name>
	</drawable>
	<drawable>
		<name>clock_smallhand.png</name>
		<rotate>6</rotate>
		<centerX>-79</centerX>
		<centerY>-32</centerY>
		<direction>1</direction>
		<mulrotate>2</mulrotate>
	</drawable>
	<drawable>
		<name>weekday.xml</name>
		<arraytype>5</arraytype>
		<centerX>-58</centerX>
		<centerY>60</centerY>
	</drawable>
	<drawable>
		<name>date.xml</name>
		<arraytype>4</arraytype>
		<centerX>6</centerX>
		<centerY>60</centerY>
	</drawable>
	<drawable>
		<name>month.xml</name>
		<arraytype>3</arraytype>
		<centerX>66</centerX>
		<centerY>60</centerY>
	</drawable>
	<drawable>
		<name>weather_array.xml</name>
		<arraytype>10</arraytype>
		<centerX>59</centerX>
		<centerY>-40</centerY>
	</drawable>
	<drawable>
		<name>temp.xml</name>
		<arraytype>11</arraytype>
		<centerX>106</centerX>
		<centerY>-40</centerY>
	</drawable>
	<drawable>
		<name>steps.xml</name>
		<arraytype>12</arraytype>
		<centerX>95</centerX>
		<centerY>7</centerY>
	</drawable>
	<drawable>
		<name>clock_hour_shadow.png</name>
		<rotate>1</rotate>
		<centerX>3</centerX>
		<centerY>3</centerY>
	</drawable>
	<drawable>
		<name>clock_hour.png</name>
		<rotate>1</rotate>
	</drawable>
	<drawable>
		<name>clock_minute_shadow.png</name>
		<rotate>2</rotate>
		<centerX>3</centerX>
		<centerY>3</centerY>
	</drawable>
	<drawable>
		<name>clock_minute.png</name>
		<rotate>2</rotate>
	</drawable>
	<drawable>
		<name>clock_second_shadow.png</name>
		<rotate>3</rotate>
		<centerX>2</centerX>
		<centerY>2</centerY>
	</drawable>
	<drawable>
		<name>clock_second.png</name>
		<rotate>3</rotate>
	</drawable>
	<drawable>
		<!--BATTERY-->
		<arraytype>100</arraytype>
		<centerX>-79</centerX>
		<centerY>-32</centerY>
		<range>60</range>
		<cls>com.android.settings.Settings$PowerUsageSummaryActivity</cls>
		<pkg>com.android.settings</pkg>
	</drawable>
	<drawable>
		<!--CALENDAR1-->
		<arraytype>100</arraytype>
		<centerX>-58</centerX>
		<centerY>60</centerY>
		<range>40</range>
		<cls>com.android.calendar.AllInOneActivity</cls>
		<pkg>com.android.calendar</pkg>
	</drawable>
	<drawable>
		<!--CALENDAR2-->
		<arraytype>100</arraytype>
		<centerX>6</centerX>
		<centerY>60</centerY>
		<range>40</range>
		<cls>com.android.calendar.AllInOneActivity</cls>
		<pkg>com.android.calendar</pkg>
	</drawable>
	<drawable>
		<!--CALENDAR3-->
		<arraytype>100</arraytype>
		<centerX>66</centerX>
		<centerY>40</centerY>
		<range>80</range>
		<cls>com.android.calendar.AllInOneActivity</cls>
		<pkg>com.android.calendar</pkg>
	</drawable>

<!--COMMENTED BY ClockSkinMaker
<metadata gui='rra' version='1.6.0.0'/>
-->
</clockskin>