<clockskin>
    <drawable>
        <name>image1.png</name>
    </drawable>
    <drawable>
        <rotate>3</rotate>
        <mulrotate>2</mulrotate>
        <centerX>0</centerX>
        <centerY>-104</centerY>
        <name>image2.png</name>
    </drawable>
    <drawable>
        <rotate>6</rotate>
        <mulrotate>2</mulrotate>
        <centerX>-94</centerX>
        <centerY>0</centerY>
        <name>image2.png</name>
    </drawable>
    <drawable>
        <name>image4.png</name>
    </drawable>
    <drawable>
        <name>digital1.xml</name>
        <arraytype>6</arraytype>
        <centerX>0</centerX>
        <centerY>94</centerY>
    </drawable>
    <drawable>
        <name>digital2.xml</name>
        <arraytype>1</arraytype>
        <centerX>0</centerX>
        <centerY>127</centerY>
    </drawable>
    <drawable>
        <name>digital3.xml</name>
        <arraytype>9</arraytype>
        <centerX>96</centerX>
        <centerY>101</centerY>
    </drawable>
    <drawable>
        <name>digital4.xml</name>
        <arraytype>11</arraytype>
        <centerX>125</centerX>
        <centerY>-34</centerY>
    </drawable>
    <drawable>
        <name>digital5.xml</name>
        <arraytype>12</arraytype>
        <centerX>128</centerX>
        <centerY>0</centerY>
    </drawable>
    <drawable>
        <name>digital6.xml</name>
        <arraytype>13</arraytype>
        <centerX>137</centerX>
        <centerY>34</centerY>
    </drawable>
    <drawable>
        <name>digital7.xml</name>
        <arraytype>5</arraytype>
        <centerX>0</centerX>
        <centerY>150</centerY>
    </drawable>
    <drawable>
        <name>image5.png</name>
    </drawable>
    <drawable>
        <name>digital8.xml</name>
        <arraytype>10</arraytype>
        <centerX>86</centerX>
        <centerY>-92</centerY>
    </drawable>
    <drawable>
        <name>digital9.xml</name>
        <arraytype>10</arraytype>
        <centerX>86</centerX>
        <centerY>-92</centerY>
    </drawable>
    <drawable>
        <rotate>1</rotate>
        <mulrotate>1</mulrotate>
        <name>image6.png</name>
    </drawable>
    <drawable>
        <rotate>1</rotate>
        <mulrotate>1</mulrotate>
        <name>image7.png</name>
    </drawable>
    <drawable>
        <rotate>1</rotate>
        <mulrotate>1</mulrotate>
        <name>image8.png</name>
    </drawable>
    <drawable>
        <rotate>2</rotate>
        <mulrotate>1</mulrotate>
        <name>image9.png</name>
    </drawable>
    <drawable>
        <rotate>2</rotate>
        <mulrotate>1</mulrotate>
        <name>image10.png</name>
    </drawable>
    <drawable>
        <rotate>2</rotate>
        <mulrotate>1</mulrotate>
        <name>image11.png</name>
    </drawable>
    <drawable>
        <name>image12.png</name>
    </drawable>
    <drawable>
        <rotate>10</rotate>
        <mulrotate>1</mulrotate>
        <name>image13.png</name>
    </drawable>
    <drawable>
        <rotate>3</rotate>
        <mulrotate>1</mulrotate>
        <name>image14.png</name>
    </drawable>
    <drawable>
        <rotate>3</rotate>
        <mulrotate>1</mulrotate>
        <name>image15.png</name>
    </drawable>
</clockskin>
