<?xml version="1.0" encoding="utf-8"?>
<clockskin>
	<drawable>
		<name>clock_bg.png</name>
	</drawable>
	<drawable>
		<name>weekday.xml</name>
		<arraytype>5</arraytype>
		<centerY>-48</centerY>
	</drawable>
	<drawable>
		<name>date.xml</name>
		<arraytype>4</arraytype>
		<centerY>45</centerY>
	</drawable>
	<drawable>
		<name>clock_hour.png</name>
		<rotate>1</rotate>
	</drawable>
	<drawable>
		<name>clock_minute.png</name>
		<rotate>2</rotate>
	</drawable>
	<drawable>
		<name>clock_second.png</name>
		<rotate>3</rotate>
	</drawable>
<!--COMMENTED BY ClockSkinMaker
<metadata gui='rra' version='1.6.0.0'/>
-->
</clockskin>