<?xml version="1.0" encoding="utf-8"?>
<clockskin>
	<drawable>
		<name>image1.png</name>
	</drawable>
	<drawable>
		<name>12-sh.png</name>
		<centerX>4</centerX>
		<centerY>4</centerY>
	</drawable>
	<drawable>
		<name>12.png</name>
	</drawable>
	<drawable>
		<name>digital1.xml</name>
		<arraytype>4</arraytype>
		<centerY>106</centerY>
	</drawable>
	<drawable>
		<name>digital4.xml</name>
		<arraytype>5</arraytype>
	</drawable>
	<drawable>
		<name>dot_1.png</name>
		<centerY>139</centerY>
	</drawable>
	<drawable>
		<name>image2_1-sh_1.png</name>
		<rotate>7</rotate>
		<centerX>-82</centerX>
		<centerY>2</centerY>
	</drawable>
	<drawable>
		<name>image2_1.png</name>
		<rotate>7</rotate>
		<centerX>-84</centerX>
	</drawable>
	<drawable>
		<name>dot_2.png</name>
		<centerX>-84</centerX>
	</drawable>
	<drawable>
		<name>image2_1-sh.png</name>
		<rotate>6</rotate>
		<centerX>83</centerX>
		<centerY>2</centerY>
		<mulrotate>2</mulrotate>
	</drawable>
	<drawable>
		<name>image3_1.png</name>
		<rotate>6</rotate>
		<centerX>83</centerX>
		<mulrotate>2</mulrotate>
	</drawable>
	<drawable>
		<name>dot_3.png</name>
		<centerX>83</centerX>
	</drawable>
	<drawable>
		<name>image2.png</name>
	</drawable>
	<drawable>
		<name>image3a-sh.png</name>
		<rotate>1</rotate>
		<centerX>3</centerX>
		<centerY>3</centerY>
	</drawable>
	<drawable>
		<name>image3a.png</name>
		<rotate>1</rotate>
		<mulrotate>1</mulrotate>
	</drawable>
	<drawable>
		<name>image4a-sh.png</name>
		<rotate>2</rotate>
		<centerX>4</centerX>
		<centerY>4</centerY>
	</drawable>
	<drawable>
		<name>image5-sh.png</name>
		<rotate>3</rotate>
		<centerX>6</centerX>
		<centerY>6</centerY>
	</drawable>
	<drawable>
		<name>image4a.png</name>
		<rotate>2</rotate>
		<mulrotate>1</mulrotate>
	</drawable>
	<drawable>
		<name>image5.png</name>
		<rotate>3</rotate>
		<mulrotate>1</mulrotate>
	</drawable>
	<drawable>
		<name>dot.png</name>
	</drawable>
	<drawable>
		<name>shadow.png</name>
	</drawable>
<!--COMMENTED BY ClockSkinMaker
<metadata gui='rra' version='2.0.0.2'/>
-->
</clockskin>