<clockskin>
    <drawable>
        <name>image1.png</name>
    </drawable>
    <drawable>
        <rotate>2</rotate>
        <direction>1</direction>
        <mulrotate>1</mulrotate>
        <centerX>7</centerX>
        <centerY>-114</centerY>
        <name>image2.png</name>
    </drawable>
    <drawable>
        <rotate>1</rotate>
        <direction>1</direction>
        <mulrotate>1</mulrotate>
        <centerX>7</centerX>
        <centerY>-114</centerY>
        <name>image3.png</name>
    </drawable>
    <drawable>
        <name>digital1.xml</name>
        <arraytype>14</arraytype>
    </drawable>
    <drawable>
        <name>digital2.xml</name>
        <arraytype>14</arraytype>
        <centerX>400</centerX>
        <centerY>0</centerY>
    </drawable>
    <drawable>
        <name>digital3.xml</name>
        <arraytype>14</arraytype>
        <centerX>800</centerX>
        <centerY>0</centerY>
    </drawable>
    <drawable>
        <name>digital4.xml</name>
        <arraytype>14</arraytype>
    </drawable>
    <drawable>
        <name>digital5.xml</name>
        <arraytype>14</arraytype>
        <centerX>400</centerX>
        <centerY>0</centerY>
    </drawable>
    <drawable>
        <name>digital6.xml</name>
        <arraytype>14</arraytype>
        <centerX>800</centerX>
        <centerY>0</centerY>
    </drawable>
    <drawable>
        <name>image4.png</name>
    </drawable>
    <drawable>
        <rotate>3</rotate>
        <direction>1</direction>
        <mulrotate>1</mulrotate>
        <centerX>5</centerX>
        <centerY>-116</centerY>
        <name>image5.png</name>
    </drawable>
</clockskin>
<!-- Created on WatchFace Designer 0.14.2 beta -->
<!-- Exported for Android 7.1+ Stock ClockSkin Engine -->
