<clockskin>
    <drawable>
        <name>image1.png</name>
    </drawable>
    <drawable>
        <rotate>7</rotate>
        <mulrotate>1</mulrotate>
        <centerX>95</centerX>
        <centerY>-25</centerY>
        <name>image2.png</name>
    </drawable>
    <drawable>
        <name>image3.png</name>
    </drawable>
    <drawable>
        <rotate>6</rotate>
        <mulrotate>2</mulrotate>
        <centerX>-93</centerX>
        <centerY>-25</centerY>
        <name>image2.png</name>
    </drawable>
    <drawable>
        <name>image5.png</name>
    </drawable>
    <drawable>
        <name>digital1.xml</name>
        <arraytype>6</arraytype>
        <centerX>-38</centerX>
        <centerY>127</centerY>
    </drawable>
    <drawable>
        <name>digital2.xml</name>
        <arraytype>9</arraytype>
        <centerX>65</centerX>
        <centerY>127</centerY>
    </drawable>
    <drawable>
        <name>digital3.xml</name>
        <arraytype>4</arraytype>
        <centerX>65</centerX>
        <centerY>101</centerY>
    </drawable>
    <drawable>
        <name>digital4.xml</name>
        <arraytype>5</arraytype>
        <centerX>-25</centerX>
        <centerY>101</centerY>
    </drawable>
    <drawable>
        <rotate>1</rotate>
        <mulrotate>1</mulrotate>
        <name>image6.png</name>
    </drawable>
    <drawable>
        <rotate>2</rotate>
        <mulrotate>1</mulrotate>
        <name>image7.png</name>
    </drawable>
    <drawable>
        <rotate>10</rotate>
        <mulrotate>1</mulrotate>
        <name>image8.png</name>
    </drawable>
    <drawable>
        <rotate>3</rotate>
        <mulrotate>1</mulrotate>
        <name>image9.png</name>
    </drawable>
    <drawable>
        <name>image10.png</name>
    </drawable>
</clockskin>
