<?xml version="1.0" encoding="utf-8"?>
<clockskin>
	<drawable>
		<name>clock_bg.png</name>
	</drawable>
	<drawable>
		<name>date.xml</name>
		<arraytype>4</arraytype>
		<centerX>104</centerX>
		<centerY>-91</centerY>
	</drawable>
	<drawable>
		<name>year.xml</name>
		<arraytype>16</arraytype>
		<centerX>106</centerX>
		<centerY>96</centerY>
	</drawable>
	<drawable>
		<name>moonphase_array.xml</name>
		<arraytype>19</arraytype>
		<centerX>-107</centerX>
		<centerY>-20</centerY>
	</drawable>
	<drawable>
		<name>clock_smallhand2_shadow.png</name>
		<rotate>6</rotate>
		<centerX>2</centerX>
		<centerY>109</centerY>
		<mulrotate>2</mulrotate>
	</drawable>
	<drawable>
		<name>clock_smallhand2.png</name>
		<rotate>6</rotate>
		<centerY>107</centerY>
		<mulrotate>2</mulrotate>
	</drawable>
	<drawable>
		<name>clock_smallhand2_shadow.png</name>
		<rotate>4</rotate>
		<centerX>2</centerX>
		<centerY>-105</centerY>
	</drawable>
	<drawable>
		<name>clock_smallhand2.png</name>
		<rotate>4</rotate>
		<centerY>-107</centerY>
	</drawable>
	<drawable>
		<name>clock_second_shadow.png</name>
		<rotate>3</rotate>
		<centerX>109</centerX>
		<centerY>2</centerY>
	</drawable>
	<drawable>
		<name>clock_second.png</name>
		<rotate>3</rotate>
		<centerX>107</centerX>
	</drawable>
	<drawable>
		<name>clock_smallhand1_shadow.png</name>
		<rotate>5</rotate>
		<centerX>-105</centerX>
		<centerY>2</centerY>
	</drawable>
	<drawable>
		<name>clock_smallhand1.png</name>
		<rotate>5</rotate>
		<centerX>-107</centerX>
	</drawable>
	<drawable>
		<name>clock_hour_shadow.png</name>
		<rotate>1</rotate>
		<centerX>3</centerX>
		<centerY>3</centerY>
	</drawable>
	<drawable>
		<name>clock_hour.png</name>
		<rotate>1</rotate>
	</drawable>
	<drawable>
		<name>clock_minute_shadow.png</name>
		<rotate>2</rotate>
		<centerX>3</centerX>
		<centerY>3</centerY>
	</drawable>
	<drawable>
		<name>clock_minute.png</name>
		<rotate>2</rotate>
	</drawable>
<!--COMMENTED BY ClockSkinMaker
<metadata gui='rra' version='1.6.0.0'/>
-->
</clockskin>