<clockskin>
    <drawable>
        <name>image1.png</name>
    </drawable>
    <drawable>
        <rotate>3</rotate>
        <direction>2</direction>
        <mulrotate>1</mulrotate>
        <centerX>0</centerX>
        <centerY>400</centerY>
        <name>image2.png</name>
    </drawable>
    <drawable>
        <name>image3.png</name>
    </drawable>
    <drawable>
        <name>digital1.xml</name>
        <arraytype>7</arraytype>
        <centerX>-118</centerX>
        <centerY>-23</centerY>
    </drawable>
    <drawable>
        <name>digital2.xml</name>
        <arraytype>2</arraytype>
        <centerX>-62</centerX>
        <centerY>-106</centerY>
    </drawable>
    <drawable>
        <name>digital3.xml</name>
        <arraytype>5</arraytype>
        <centerX>94</centerX>
        <centerY>-106</centerY>
    </drawable>
    <drawable>
        <name>digital4.xml</name>
        <arraytype>6</arraytype>
        <centerX>-57</centerX>
        <centerY>-35</centerY>
    </drawable>
    <drawable>
        <name>digital5.xml</name>
        <arraytype>8</arraytype>
        <centerX>5</centerX>
        <centerY>-23</centerY>
    </drawable>
    <drawable>
        <name>digital6.xml</name>
        <arraytype>6</arraytype>
        <centerX>68</centerX>
        <centerY>-35</centerY>
    </drawable>
    <drawable>
        <name>digital7.xml</name>
        <arraytype>9</arraytype>
        <centerX>130</centerX>
        <centerY>-23</centerY>
    </drawable>
    <drawable>
        <name>digital8.xml</name>
        <arraytype>12</arraytype>
        <centerX>72</centerX>
        <centerY>102</centerY>
    </drawable>
    <drawable>
        <name>digital9.xml</name>
        <arraytype>13</arraytype>
        <centerX>-89</centerX>
        <centerY>102</centerY>
    </drawable>
    <drawable>
        <name>digital10.xml</name>
        <arraytype>14</arraytype>
        <centerX>0</centerX>
        <centerY>-160</centerY>
    </drawable>
    <drawable>
        <name>digital11.xml</name>
        <arraytype>9</arraytype>
        <centerX>-138</centerX>
        <centerY>0</centerY>
    </drawable>
    <drawable>
        <name>digital12.xml</name>
        <arraytype>9</arraytype>
        <centerX>-125</centerX>
        <centerY>0</centerY>
    </drawable>
    <drawable>
        <name>digital13.xml</name>
        <arraytype>9</arraytype>
        <centerX>-126</centerX>
        <centerY>0</centerY>
    </drawable>
    <drawable>
        <name>digital14.xml</name>
        <arraytype>9</arraytype>
        <centerX>-151</centerX>
        <centerY>0</centerY>
    </drawable>
    <drawable>
        <name>digital15.xml</name>
        <arraytype>9</arraytype>
        <centerX>-125</centerX>
        <centerY>0</centerY>
    </drawable>
    <drawable>
        <name>digital16.xml</name>
        <arraytype>9</arraytype>
        <centerX>-150</centerX>
        <centerY>0</centerY>
    </drawable>
    <drawable>
        <name>digital17.xml</name>
        <arraytype>9</arraytype>
        <centerX>-139</centerX>
        <centerY>0</centerY>
    </drawable>
    <drawable>
        <name>digital18.xml</name>
        <arraytype>9</arraytype>
        <centerX>-139</centerX>
        <centerY>0</centerY>
    </drawable>
    <drawable>
        <name>digital19.xml</name>
        <arraytype>9</arraytype>
        <centerX>150</centerX>
        <centerY>0</centerY>
    </drawable>
    <drawable>
        <name>digital20.xml</name>
        <arraytype>9</arraytype>
        <centerX>138</centerX>
        <centerY>0</centerY>
    </drawable>
    <drawable>
        <name>digital21.xml</name>
        <arraytype>9</arraytype>
        <centerX>125</centerX>
        <centerY>0</centerY>
    </drawable>
    <drawable>
        <name>digital22.xml</name>
        <arraytype>9</arraytype>
        <centerX>113</centerX>
        <centerY>0</centerY>
    </drawable>
    <drawable>
        <name>digital23.xml</name>
        <arraytype>9</arraytype>
        <centerX>100</centerX>
        <centerY>0</centerY>
    </drawable>
    <drawable>
        <name>digital24.xml</name>
        <arraytype>9</arraytype>
        <centerX>88</centerX>
        <centerY>0</centerY>
    </drawable>
    <drawable>
        <name>digital25.xml</name>
        <arraytype>9</arraytype>
    </drawable>
</clockskin>
