<clockskin>
    <drawable>
        <name>image1.png</name>
    </drawable>
    <drawable>
        <name>digital1.xml</name>
        <arraytype>10</arraytype>
        <centerX>-89</centerX>
        <centerY>52</centerY>
    </drawable>
    <drawable>
        <name>digital2.xml</name>
        <arraytype>10</arraytype>
        <centerX>-84</centerX>
        <centerY>83</centerY>
    </drawable>
    <drawable>
        <name>image2.png</name>
    </drawable>
    <drawable>
        <name>digital3.xml</name>
        <arraytype>4</arraytype>
        <centerX>68</centerX>
        <centerY>-79</centerY>
    </drawable>
    <drawable>
        <name>digital4.xml</name>
        <arraytype>6</arraytype>
        <centerX>-12</centerX>
        <centerY>-21</centerY>
    </drawable>
    <drawable>
        <name>digital5.xml</name>
        <arraytype>9</arraytype>
        <centerX>37</centerX>
        <centerY>-19</centerY>
    </drawable>
    <drawable>
        <name>digital6.xml</name>
        <arraytype>5</arraytype>
        <centerX>-60</centerX>
        <centerY>-77</centerY>
    </drawable>
    <drawable>
        <rotate>7</rotate>
        <mulrotate>1</mulrotate>
        <centerX>53</centerX>
        <centerY>92</centerY>
        <name>image3.png</name>
    </drawable>
    <drawable>
        <name>image4.png</name>
    </drawable>
    <drawable>
        <rotate>6</rotate>
        <mulrotate>1</mulrotate>
        <centerX>53</centerX>
        <centerY>93</centerY>
        <name>image5.png</name>
    </drawable>
    <drawable>
        <rotate>1</rotate>
        <mulrotate>1</mulrotate>
        <centerX>0</centerX>
        <centerY>-80</centerY>
        <name>image6.png</name>
    </drawable>
    <drawable>
        <rotate>2</rotate>
        <mulrotate>1</mulrotate>
        <centerX>0</centerX>
        <centerY>-80</centerY>
        <name>image7.png</name>
    </drawable>
    <drawable>
        <rotate>3</rotate>
        <mulrotate>1</mulrotate>
        <centerX>0</centerX>
        <centerY>-80</centerY>
        <name>image8.png</name>
    </drawable>
    <drawable>
        <name>image9.png</name>
    </drawable>
    <drawable>
        <name>digital7.xml</name>
        <arraytype>12</arraytype>
        <centerX>127</centerX>
        <centerY>28</centerY>
    </drawable>
    <drawable>
        <name>image10.png</name>
    </drawable>
    <drawable>
        <name>digital8.xml</name>
        <arraytype>13</arraytype>
        <centerX>-133</centerX>
        <centerY>4</centerY>
    </drawable>
    <drawable>
        <name>digital9.xml</name>
        <arraytype>11</arraytype>
        <centerX>-83</centerX>
        <centerY>103</centerY>
    </drawable>
</clockskin>
