<clockskin>
    <drawable>
        <name>digital1.xml</name>
        <arraytype>5</arraytype>
        <centerX>-106</centerX>
        <centerY>-61</centerY>
    </drawable>
    <drawable>
        <name>digital2.xml</name>
        <arraytype>3</arraytype>
        <centerX>111</centerX>
        <centerY>-62</centerY>
    </drawable>
    <drawable>
        <rotate>7</rotate>
        <mulrotate>1</mulrotate>
        <centerX>104</centerX>
        <centerY>112</centerY>
        <name>image1.png</name>
    </drawable>
    <drawable>
        <name>image2.png</name>
    </drawable>
    <drawable>
        <name>digital3.xml</name>
        <arraytype>4</arraytype>
        <centerX>2</centerX>
        <centerY>-111</centerY>
    </drawable>
    <drawable>
        <name>digital4.xml</name>
        <arraytype>10</arraytype>
        <centerX>-109</centerX>
        <centerY>75</centerY>
    </drawable>
    <drawable>
        <name>digital5.xml</name>
        <arraytype>11</arraytype>
        <centerX>-76</centerX>
        <centerY>106</centerY>
    </drawable>
    <drawable>
        <name>image3.png</name>
    </drawable>
    <drawable>
        <rotate>1</rotate>
        <mulrotate>1</mulrotate>
        <name>image4.png</name>
    </drawable>
    <drawable>
        <rotate>2</rotate>
        <mulrotate>1</mulrotate>
        <name>image5.png</name>
    </drawable>
</clockskin>
