<clockskin>
    <drawable>
        <name>image1.png</name>
    </drawable>
    <drawable>
        <name>digital1.xml</name>
        <arraytype>7</arraytype>
        <centerX>-200</centerX>
        <centerY>-87</centerY>
    </drawable>
    <drawable>
        <name>digital2.xml</name>
        <arraytype>7</arraytype>
        <centerX>200</centerX>
        <centerY>-87</centerY>
    </drawable>
    <drawable>
        <name>image2.png</name>
    </drawable>
    <drawable>
        <rotate>7</rotate>
        <mulrotate>1</mulrotate>
        <centerX>0</centerX>
        <centerY>-87</centerY>
        <name>image3.png</name>
    </drawable>
    <drawable>
        <name>digital3.xml</name>
        <arraytype>14</arraytype>
        <centerX>-504</centerX>
        <centerY>0</centerY>
    </drawable>
    <drawable>
        <name>digital4.xml</name>
        <arraytype>14</arraytype>
        <centerX>-104</centerX>
        <centerY>0</centerY>
    </drawable>
    <drawable>
        <name>digital5.xml</name>
        <arraytype>14</arraytype>
        <centerX>296</centerX>
        <centerY>0</centerY>
    </drawable>
    <drawable>
        <name>image4.png</name>
    </drawable>
    <drawable>
        <rotate>6</rotate>
        <mulrotate>2</mulrotate>
        <centerX>-104</centerX>
        <centerY>0</centerY>
        <name>image3.png</name>
    </drawable>
    <drawable>
        <name>digital6.xml</name>
        <arraytype>9</arraytype>
        <centerX>-200</centerX>
        <centerY>86</centerY>
    </drawable>
    <drawable>
        <name>digital7.xml</name>
        <arraytype>9</arraytype>
        <centerX>200</centerX>
        <centerY>86</centerY>
    </drawable>
    <drawable>
        <name>image6.png</name>
    </drawable>
    <drawable>
        <rotate>3</rotate>
        <mulrotate>1</mulrotate>
        <centerX>0</centerX>
        <centerY>86</centerY>
        <name>image3.png</name>
    </drawable>
    <drawable>
        <name>image8.png</name>
    </drawable>
    <drawable>
        <name>digital8.xml</name>
        <arraytype>2</arraytype>
        <centerX>70</centerX>
        <centerY>2</centerY>
    </drawable>
    <drawable>
        <name>digital9.xml</name>
        <arraytype>2</arraytype>
        <centerX>70</centerX>
        <centerY>2</centerY>
    </drawable>
    <drawable>
        <name>digital10.xml</name>
        <arraytype>5</arraytype>
        <centerX>113</centerX>
        <centerY>2</centerY>
    </drawable>
    <drawable>
        <name>digital11.xml</name>
        <arraytype>5</arraytype>
        <centerX>113</centerX>
        <centerY>2</centerY>
    </drawable>
    <drawable>
        <name>image9.png</name>
    </drawable>
    <drawable>
        <rotate>1</rotate>
        <mulrotate>1</mulrotate>
        <name>image10.png</name>
    </drawable>
    <drawable>
        <rotate>2</rotate>
        <mulrotate>1</mulrotate>
        <name>image11.png</name>
    </drawable>
    <drawable>
        <rotate>10</rotate>
        <mulrotate>1</mulrotate>
        <name>image12.png</name>
    </drawable>
    <drawable>
        <rotate>3</rotate>
        <mulrotate>1</mulrotate>
        <name>image13.png</name>
    </drawable>
    <drawable>
        <name>image14.png</name>
    </drawable>
</clockskin>
