<clockskin>
    <drawable>
        <name>image1.png</name>
    </drawable>
    <drawable>
        <name>digital1.xml</name>
        <arraytype>6</arraytype>
        <centerX>0</centerX>
        <centerY>-75</centerY>
    </drawable>
    <drawable>
        <name>digital2.xml</name>
        <arraytype>1</arraytype>
        <centerX>-93</centerX>
        <centerY>154</centerY>
    </drawable>
<drawable>
	<arraytype>100</arraytype>
	<centerX>0</centerX>
	<centerY>90</centerY>
	<range>50</range>
	<cls>com.google.android.apps.googleassistant.AssistantActivity</cls>
	<pkg>com.google.android.apps.googleassistant</pkg>
    </drawable>
<drawable>
        <name>image2.png</name>
    </drawable>
</clockskin>
