<clockskin>
    <drawable>
        <name>image1.png</name>
    </drawable>
    <drawable>
        <name>animated_image_1.xml</name>
        <framerate>15.00000000000000</framerate>
        <centerX>13</centerX>
        <centerY>116</centerY>
    </drawable>
    <drawable>
        <name>image2.png</name>
    </drawable>
    <drawable>
        <name>animated_image_2.xml</name>
        <framerate>15.00000000000000</framerate>
        <centerX>73</centerX>
        <centerY>-35</centerY>
    </drawable>
    <drawable>
        <name>animated_image_3.xml</name>
        <framerate>15.00000000000000</framerate>
        <centerX>-73</centerX>
        <centerY>0</centerY>
    </drawable>
    <drawable>
        <rotate>1</rotate>
        <name>image3.png</name>
    </drawable>
    <drawable>
        <rotate>3</rotate>
        <name>image4.png</name>
    </drawable>
    <drawable>
        <rotate>2</rotate>
        <name>image5.png</name>
    </drawable>
<drawable>
	<arraytype>100</arraytype>
	<centerX>90</centerX>
	<centerY>0</centerY>
	<range>100</range>
	<cls>it.nimarsolutions.rungpstracker.SplashActivity</cls>
	<pkg>it.nimarsolutions.rungpstracker</pkg>
    </drawable>
<drawable>
	<arraytype>100</arraytype>
	<centerX>0</centerX>
	<centerY>110</centerY>
	<range>100</range>
	<cls>com.google.android.apps.googleassistant.AssistantActivity</cls>
	<pkg>com.google.android.apps.googleassistant</pkg>
    </drawable>
<drawable>
	<arraytype>100</arraytype>
	<centerX>-90</centerX>
	<centerY>0</centerY>
	<range>100</range>
	<cls>com.whatsapp.Main</cls>
	<pkg>com.whatsapp</pkg>
    </drawable>
<drawable>
        <name>image6.png</name>
    </drawable>
</clockskin>
