<?xml version="1.0" encoding="utf-8"?>
<drawables>
	<image>distance-0.png</image>
	<image>distance-1.png</image>
	<image>distance-2.png</image>
	<image>distance-3.png</image>
	<image>distance-4.png</image>
	<image>distance-5.png</image>
	<image>distance-6.png</image>
	<image>distance-7.png</image>
	<image>distance-8.png</image>
	<image>distance-9.png</image>
	<image>distance-period.png</image>
	<image>distance-none.png</image>
	<image>distance-km.png</image>
	<image>distance-mi.png</image>
</drawables>