<?xml version="1.0" encoding="utf-8"?>
<clockskin>
	<drawable>
		<name>clock_bg.png</name>
	</drawable>
	<drawable>
		<name>weekday.xml</name>
		<arraytype>5</arraytype>
		<centerX>82</centerX>
	</drawable>
	<drawable>
		<name>date.xml</name>
		<arraytype>4</arraytype>
		<centerX>121</centerX>
	</drawable>
	<drawable>
		<name>month.xml</name>
		<arraytype>3</arraytype>
		<centerX>159</centerX>
	</drawable>
	<drawable>
		<name>clock_hour_shadow.png</name>
		<rotate>1</rotate>
		<centerX>3</centerX>
		<centerY>3</centerY>
	</drawable>
	<drawable>
		<name>clock_hour.png</name>
		<rotate>1</rotate>
	</drawable>
	<drawable>
		<name>clock_minute_shadow.png</name>
		<rotate>2</rotate>
		<centerX>3</centerX>
		<centerY>3</centerY>
	</drawable>
	<drawable>
		<name>clock_minute.png</name>
		<rotate>2</rotate>
	</drawable>
	<drawable>
		<name>clock_second_shadow.png</name>
		<rotate>3</rotate>
		<centerX>2</centerX>
		<centerY>2</centerY>
	</drawable>
	<drawable>
		<name>clock_second.png</name>
		<rotate>3</rotate>
	</drawable>
	<drawable>
		<!--CALENDAR-->
		<arraytype>100</arraytype>
		<centerX>82</centerX>
		<centerY>0</centerY>
		<range>25</range>
		<cls>com.wiite.mycalender.MainActivity</cls>
		<pkg>com.wiite.mycalender</pkg>
	</drawable>
	<drawable>
		<!--CALENDAR-->
		<arraytype>100</arraytype>
		<centerX>121</centerX>
		<centerY>0</centerY>
		<range>20</range>
		<cls>com.wiite.mycalender.MainActivity</cls>
		<pkg>com.wiite.mycalender</pkg>
	</drawable>
	<drawable>
		<!--CALENDAR-->
		<arraytype>100</arraytype>
		<centerX>159</centerX>
		<centerY>0</centerY>
		<range>25</range>
		<cls>com.wiite.mycalender.MainActivity</cls>
		<pkg>com.wiite.mycalender</pkg>
	</drawable>
	<drawable>
		<!--BATTERY-->
		<arraytype>100</arraytype>
		<centerX>-119</centerX>
		<centerY>0</centerY>
		<range>30</range>
		<cls>com.android.settings.Settings$PowerUsageSummaryActivity</cls>
		<pkg>com.android.settings</pkg>
	</drawable>
<!--COMMENTED BY ClockSkinMaker
<metadata gui='rra' version='1.6.0.0'/>
-->
</clockskin>