<clockskin>
    <drawable>
        <name>animated_image_1.xml</name>
        <framerate>5.00000000000000</framerate>
    </drawable>
    <drawable>
        <rotate>1</rotate>
        <mulrotate>1</mulrotate>
        <centerX>-100</centerX>
        <centerY>-47</centerY>
        <name>image1.png</name>
    </drawable>
    <drawable>
        <rotate>2</rotate>
        <mulrotate>1</mulrotate>
        <centerX>108</centerX>
        <centerY>-46</centerY>
        <name>image1.png</name>
    </drawable>
    <drawable>
        <name>image3.png</name>
    </drawable>
</clockskin>
