<?xml version="1.0" encoding="utf-8"?>
<clockskin>
	<drawable>
		<name>clock_bg.png</name>
	</drawable>
	<drawable>
		<name>clock_smallhand.png</name>
		<rotate>6</rotate>
		<centerX>-90</centerX>
		<direction>1</direction>
		<mulrotate>2</mulrotate>
	</drawable>
	<drawable>
		<name>weekday.xml</name>
		<arraytype>5</arraytype>
		<centerY>-128</centerY>
	</drawable>
	<drawable>
		<name>date.xml</name>
		<arraytype>4</arraytype>
		<centerX>-48</centerX>
		<centerY>-96</centerY>
	</drawable>
	<drawable>
		<name>month.xml</name>
		<arraytype>3</arraytype>
		<centerX>34</centerX>
		<centerY>-96</centerY>
	</drawable>
	<drawable>
		<name>weather_array.xml</name>
		<arraytype>10</arraytype>
		<centerX>-50</centerX>
		<centerY>91</centerY>
	</drawable>
	<drawable>
		<name>weathertext_array.xml</name>
		<arraytype>10</arraytype>
		<centerY>126</centerY>
	</drawable>
	<drawable>
		<name>temp.xml</name>
		<arraytype>11</arraytype>
		<centerX>30</centerX>
		<centerY>92</centerY>
	</drawable>
	<drawable>
		<name>clock_hour_shadow.png</name>
		<rotate>1</rotate>
		<centerX>3</centerX>
		<centerY>3</centerY>
	</drawable>
	<drawable>
		<name>clock_hour.png</name>
		<rotate>1</rotate>
	</drawable>
	<drawable>
		<name>clock_minute_shadow.png</name>
		<rotate>2</rotate>
		<centerX>3</centerX>
		<centerY>3</centerY>
	</drawable>
	<drawable>
		<name>clock_minute.png</name>
		<rotate>2</rotate>
	</drawable>
	<drawable>
		<name>clock_second_shadow.png</name>
		<rotate>3</rotate>
		<centerX>2</centerX>
		<centerY>2</centerY>
	</drawable>
	<drawable>
		<name>clock_second.png</name>
		<rotate>3</rotate>
	</drawable>
	<drawable>
		<!--CALENDAR-->
		<arraytype>100</arraytype>
		<centerX>0</centerX>
		<centerY>-105</centerY>
		<range>80</range>
		<cls>com.android.calendar.AllInOneActivity</cls>
		<pkg>com.android.calendar</pkg>
	</drawable>
	<drawable>
		<!--WEATHER-->
		<arraytype>100</arraytype>
		<centerX>0</centerX>
		<centerY>105</centerY>
		<range>80</range>
		<cls>com.android.watchweather.WeatherActivity</cls>
		<pkg>com.android.watchweather</pkg>
	</drawable>
	<drawable>
		<!--BATTERY-->
		<arraytype>100</arraytype>
		<centerX>-90</centerX>
		<centerY>0</centerY>
		<range>80</range>
		<cls>com.android.settings.Settings$PowerUsageSummaryActivity</cls>
		<pkg>com.android.settings</pkg>
	</drawable>
<!--COMMENTED BY ClockSkinMaker
<metadata gui='rra' version='1.6.0.0'/>
-->
</clockskin>