<clockskin>
    <drawable>
        <name>image1.png</name>
    </drawable>
    <drawable>
        <name>digital1.xml</name>
        <arraytype>7</arraytype>
        <centerX>48</centerX>
        <centerY>-75</centerY>
    </drawable>
    <drawable>
        <name>animated_image_1.xml</name>
        <framerate>1.00000000000000</framerate>
    </drawable>
    <drawable>
        <rotate>2</rotate>
        <mulrotate>-6</mulrotate>
        <centerX>-86</centerX>
        <centerY>122</centerY>
        <name>image2.png</name>
    </drawable>
</clockskin>
