<clockskin>
    <drawable>
        <name>image1.png</name>
    </drawable>
    <drawable>
        <rotate>3</rotate>
        <mulrotate>30</mulrotate>
        <movement>4</movement>
        <name>image2.png</name>
    </drawable>
    <drawable>
        <rotate>3</rotate>
        <direction>2</direction>
        <mulrotate>30</mulrotate>
        <movement>4</movement>
        <name>image3.png</name>
    </drawable>
    <drawable>
        <name>image4.png</name>
    </drawable>
    <drawable>
        <name>digital1.xml</name>
        <arraytype>2</arraytype>
        <framerate>10.00000000000000</framerate>
        <centerX>0</centerX>
        <centerY>67</centerY>
    </drawable>
    <drawable>
        <name>animated_image_11.xml</name>
        <framerate>10.00000000000000</framerate>
        <centerX>0</centerX>
        <centerY>47</centerY>
    </drawable>
    <drawable>
        <name>animated_image_12.xml</name>
        <framerate>24.00000000000000</framerate>
        <rotate>1</rotate>
        <mulrotate>1</mulrotate>
        <movement>1</movement>
    </drawable>
    <drawable>
        <rotate>1</rotate>
        <mulrotate>1</mulrotate>
        <movement>1</movement>
        <name>image5.png</name>
    </drawable>
    <drawable>
        <name>animated_image_13.xml</name>
        <framerate>24.00000000000000</framerate>
        <rotate>2</rotate>
        <mulrotate>1</mulrotate>
        <movement>1</movement>
    </drawable>
    <drawable>
        <rotate>2</rotate>
        <mulrotate>1</mulrotate>
        <movement>1</movement>
        <name>image6.png</name>
    </drawable>
    <drawable>
        <name repeat="1000">animated_image_14.xml</name>
        <framerate>24.00000000000000</framerate>
        <rotate>3</rotate>
        <direction>2</direction>
        <mulrotate>1</mulrotate>
        <movement>1</movement>
    </drawable>
    <drawable>
        <rotate>3</rotate>
        <mulrotate>1</mulrotate>
        <movement>1</movement>
        <name>image7.png</name>
    </drawable>
    <drawable>
        <name>image8.png</name>
    </drawable>
    <drawable>
        <name>digital2.xml</name>
        <arraytype>14</arraytype>
        <centerX>-400</centerX>
        <centerY>0</centerY>
    </drawable>
    <drawable>
        <name>digital3.xml</name>
        <arraytype>14</arraytype>
    </drawable>
    <drawable>
        <name>digital4.xml</name>
        <arraytype>14</arraytype>
        <centerX>400</centerX>
        <centerY>0</centerY>
    </drawable>
</clockskin>
