<clockskin>
    <drawable>
        <name>image1.png</name>
    </drawable>
    <drawable>
        <name>digital1.xml</name>
        <arraytype>12</arraytype>
        <centerX>0</centerX>
        <centerY>113</centerY>
    </drawable>
    <drawable>
        <name>digital2.xml</name>
        <arraytype>11</arraytype>
        <centerX>117</centerX>
        <centerY>0</centerY>
    </drawable>
    <drawable>
        <name>digital3.xml</name>
        <arraytype>2</arraytype>
        <centerX>-115</centerX>
        <centerY>0</centerY>
    </drawable>
    <drawable>
        <name>digital4.xml</name>
        <arraytype>14</arraytype>
        <centerX>0</centerX>
        <centerY>-120</centerY>
    </drawable>
    <drawable>
        <name>image2.png</name>
    </drawable>
    <drawable>
        <rotate>1</rotate>
        <mulrotate>1</mulrotate>
        <name>image3.png</name>
    </drawable>
    <drawable>
        <rotate>2</rotate>
        <mulrotate>1</mulrotate>
        <name>image4.png</name>
    </drawable>
    <drawable>
        <rotate>3</rotate>
        <mulrotate>1</mulrotate>
        <name>image5.png</name>
    </drawable>
    <drawable>
        <name>image6.png</name>
    </drawable>
</clockskin>
