<clockskin>
    <drawable>
        <name>image1.png</name>
    </drawable>
    <drawable>
        <rotate>20</rotate>
        <direction>2</direction>
        <mulrotate>1</mulrotate>
        <centerX>0</centerX>
        <centerY>254</centerY>
        <name>image2.png</name>
    </drawable>
    <drawable>
        <name>image3.png</name>
    </drawable>
    <drawable>
        <rotate>2</rotate>
        <mulrotate>1</mulrotate>
        <centerX>-1</centerX>
        <centerY>-83</centerY>
        <name>image4.png</name>
    </drawable>
    <drawable>
        <rotate>2</rotate>
        <mulrotate>1</mulrotate>
        <centerX>1</centerX>
        <centerY>-81</centerY>
        <name>image5.png</name>
    </drawable>
    <drawable>
        <rotate>2</rotate>
        <mulrotate>1</mulrotate>
        <centerX>2</centerX>
        <centerY>-80</centerY>
        <name>image6.png</name>
    </drawable>
    <drawable>
        <rotate>2</rotate>
        <mulrotate>1</mulrotate>
        <centerX>0</centerX>
        <centerY>-82</centerY>
        <name>image7.png</name>
    </drawable>
    <drawable>
        <name>image8.png</name>
    </drawable>
    <drawable>
        <rotate>3</rotate>
        <mulrotate>2</mulrotate>
        <centerX>-78</centerX>
        <centerY>-1</centerY>
        <name>image9.png</name>
    </drawable>
    <drawable>
        <rotate>3</rotate>
        <mulrotate>2</mulrotate>
        <centerX>-76</centerX>
        <centerY>1</centerY>
        <name>image10.png</name>
    </drawable>
    <drawable>
        <rotate>3</rotate>
        <mulrotate>2</mulrotate>
        <centerX>-75</centerX>
        <centerY>2</centerY>
        <name>image11.png</name>
    </drawable>
    <drawable>
        <rotate>3</rotate>
        <mulrotate>2</mulrotate>
        <centerX>-77</centerX>
        <centerY>0</centerY>
        <name>image12.png</name>
    </drawable>
    <drawable>
        <name>image13.png</name>
    </drawable>
    <drawable>
        <name>digital1.xml</name>
        <arraytype>14</arraytype>
    </drawable>
    <drawable>
        <name>digital2.xml</name>
        <arraytype>14</arraytype>
        <centerX>400</centerX>
        <centerY>0</centerY>
    </drawable>
    <drawable>
        <rotate>6</rotate>
        <mulrotate>-1</mulrotate>
        <centerX>-1</centerX>
        <centerY>81</centerY>
        <name>image14.png</name>
    </drawable>
    <drawable>
        <rotate>6</rotate>
        <mulrotate>-1</mulrotate>
        <centerX>1</centerX>
        <centerY>83</centerY>
        <name>image14.png</name>
    </drawable>
    <drawable>
        <rotate>6</rotate>
        <mulrotate>-1</mulrotate>
        <centerX>2</centerX>
        <centerY>84</centerY>
        <name>image14.png</name>
    </drawable>
    <drawable>
        <rotate>6</rotate>
        <mulrotate>-1</mulrotate>
        <centerX>0</centerX>
        <centerY>82</centerY>
        <name>image14.png</name>
    </drawable>
    <drawable>
        <name>image18.png</name>
    </drawable>
    <drawable>
        <rotate>1</rotate>
        <mulrotate>1</mulrotate>
        <centerX>-1</centerX>
        <centerY>-1</centerY>
        <name>image19.png</name>
    </drawable>
    <drawable>
        <rotate>1</rotate>
        <mulrotate>1</mulrotate>
        <centerX>1</centerX>
        <centerY>1</centerY>
        <name>image20.png</name>
    </drawable>
    <drawable>
        <rotate>1</rotate>
        <mulrotate>1</mulrotate>
        <centerX>3</centerX>
        <centerY>3</centerY>
        <name>image21.png</name>
    </drawable>
    <drawable>
        <rotate>1</rotate>
        <mulrotate>1</mulrotate>
        <name>image22.png</name>
    </drawable>
    <drawable>
        <rotate>2</rotate>
        <mulrotate>1</mulrotate>
        <centerX>-1</centerX>
        <centerY>-1</centerY>
        <name>image23.png</name>
    </drawable>
    <drawable>
        <rotate>2</rotate>
        <mulrotate>1</mulrotate>
        <centerX>1</centerX>
        <centerY>1</centerY>
        <name>image24.png</name>
    </drawable>
    <drawable>
        <rotate>2</rotate>
        <mulrotate>1</mulrotate>
        <centerX>3</centerX>
        <centerY>3</centerY>
        <name>image25.png</name>
    </drawable>
    <drawable>
        <rotate>2</rotate>
        <mulrotate>1</mulrotate>
        <name>image26.png</name>
    </drawable>
    <drawable>
        <rotate>3</rotate>
        <mulrotate>1</mulrotate>
        <centerX>3</centerX>
        <centerY>3</centerY>
        <name>image27.png</name>
    </drawable>
    <drawable>
        <rotate>3</rotate>
        <mulrotate>1</mulrotate>
        <name>image28.png</name>
    </drawable>
    <drawable>
        <rotate>3</rotate>
        <mulrotate>1</mulrotate>
        <centerX>-1</centerX>
        <centerY>-1</centerY>
        <name>image29.png</name>
    </drawable>
    <drawable>
        <rotate>3</rotate>
        <mulrotate>1</mulrotate>
        <name>image30.png</name>
    </drawable>
    <drawable>
        <name>image31.png</name>
    </drawable>
</clockskin>
