<clockskin>
    <drawable>
        <name>image1.png</name>
    </drawable>
    <drawable>
        <name>digital1.xml</name>
        <arraytype>10</arraytype>
        <centerX>-117</centerX>
        <centerY>-8</centerY>
    </drawable>
    <drawable>
        <name>image2.png</name>
    </drawable>
    <drawable>
        <name>digital2.xml</name>
        <arraytype>11</arraytype>
        <centerX>-103</centerX>
        <centerY>45</centerY>
    </drawable>
    <drawable>
        <name>image3.png</name>
    </drawable>
    <drawable>
        <name>digital3.xml</name>
        <arraytype>6</arraytype>
        <centerX>-10</centerX>
        <centerY>-54</centerY>
    </drawable>
    <drawable>
        <name>digital4.xml</name>
        <arraytype>9</arraytype>
        <centerX>50</centerX>
        <centerY>-50</centerY>
    </drawable>
    <drawable>
        <name>image4.png</name>
    </drawable>
    <drawable>
        <name>digital5.xml</name>
        <arraytype>5</arraytype>
        <centerX>80</centerX>
        <centerY>-15</centerY>
    </drawable>
    <drawable>
        <name>image5.png</name>
    </drawable>
    <drawable>
        <name>digital6.xml</name>
        <arraytype>2</arraytype>
        <centerX>45</centerX>
        <centerY>46</centerY>
    </drawable>
    <drawable>
        <name>digital7.xml</name>
        <arraytype>12</arraytype>
        <centerX>-51</centerX>
        <centerY>82</centerY>
    </drawable>
    <drawable>
        <name>digital8.xml</name>
        <arraytype>14</arraytype>
        <centerX>78</centerX>
        <centerY>-91</centerY>
    </drawable>
    <drawable>
        <name>digital9.xml</name>
        <arraytype>13</arraytype>
        <centerX>-32</centerX>
        <centerY>110</centerY>
    </drawable>
    <drawable>
        <name>image6.png</name>
    </drawable>
    <drawable>
        <rotate>1</rotate>
        <mulrotate>1</mulrotate>
        <name>image7.png</name>
    </drawable>
    <drawable>
        <rotate>2</rotate>
        <mulrotate>1</mulrotate>
        <name>image8.png</name>
    </drawable>
    <drawable>
        <rotate>10</rotate>
        <mulrotate>1</mulrotate>
        <name>image9.png</name>
    </drawable>
    <drawable>
        <rotate>3</rotate>
        <mulrotate>1</mulrotate>
        <name>image10.png</name>
    </drawable>
    <drawable>
        <name>image11.png</name>
    </drawable>
</clockskin>
