<?xml version="1.0" encoding="utf-8"?>
<clockskin>
	<drawable>
		<name>clock_bg.png</name>
	</drawable>
	<drawable>
		<name>date.xml</name>
		<arraytype>4</arraytype>
		<centerY>150</centerY>
	</drawable>
	<drawable>
		<name>clock_smallhand_shadow.png</name>
		<rotate>3</rotate>
		<centerX>95</centerX>
		<centerY>-21</centerY>
		<mulrotate>6</mulrotate>
	</drawable>
	<drawable>
		<name>clock_smallhand.png</name>
		<rotate>3</rotate>
		<centerX>93</centerX>
		<centerY>-23</centerY>
		<mulrotate>6</mulrotate>
	</drawable>
	<drawable>
		<name>clock_smallhand_shadow.png</name>
		<rotate>6</rotate>
		<centerX>-91</centerX>
		<centerY>-21</centerY>
		<mulrotate>2</mulrotate>
	</drawable>
	<drawable>
		<name>clock_smallhand.png</name>
		<rotate>6</rotate>
		<centerX>-93</centerX>
		<centerY>-23</centerY>
		<mulrotate>2</mulrotate>
	</drawable>
	<drawable>
		<name>weekday.xml</name>
		<arraytype>5</arraytype>
		<centerY>93</centerY>
	</drawable>
	<drawable>
		<name>clock_hour_shadow.png</name>
		<rotate>1</rotate>
		<centerX>2</centerX>
		<centerY>2</centerY>
	</drawable>
	<drawable>
		<name>clock_hour.png</name>
		<rotate>1</rotate>
	</drawable>
	<drawable>
		<name>clock_minute_shadow.png</name>
		<rotate>2</rotate>
		<centerX>2</centerX>
		<centerY>2</centerY>
	</drawable>
	<drawable>
		<name>clock_minute.png</name>
		<rotate>2</rotate>
	</drawable>
	<drawable>
		<name>clock_second_shadow.png</name>
		<rotate>3</rotate>
		<centerX>2</centerX>
		<centerY>2</centerY>
	</drawable>
	<drawable>
		<name>clock_second.png</name>
		<rotate>3</rotate>
	</drawable>
<!--COMMENTED BY ClockSkinMaker
<metadata gui='rra' version='1.6.0.0'/>
-->
</clockskin>