<?xml version="1.0" encoding="utf-8"?>
<drawables>
	<image>s0.png</image>
	<image>s1.png</image>
	<image>s2.png</image>
	<image>s3.png</image>
	<image>s4.png</image>
	<image>s5.png</image>
	<image>s6.png</image>
	<image>s7.png</image>
	<image>s8.png</image>
	<image>s9.png</image>
	<image></image>
	<image>sp.png</image>
<!--COMMENTED BY ClockSkinMaker
<metadata gui='rra' version='1.4.0.0' type='array_battery_level' forecolor='89AF3C' autoscale='1' font='EuropeExt' fontstyle='Bold' fontsize='11,10139'>
<content>0</content>
<content>1</content>
<content>2</content>
<content>3</content>
<content>4</content>
<content>5</content>
<content>6</content>
<content>7</content>
<content>8</content>
<content>9</content>
<content></content>
<content>%</content>
</metadata>
-->
</drawables>