<?xml version="1.0" encoding="utf-8"?>
<clockskin>
	<drawable>
		<name>face.png</name>
	</drawable>
	<drawable>
		<name>hours.xml</name>
		<centerX>-85</centerX>
		<centerY>0</centerY>
		<arraytype>7</arraytype>
	</drawable>
	<drawable>
		<name>minutes.xml</name>
		<centerX>70</centerX>
		<centerY>-18</centerY>
		<arraytype>8</arraytype>
	</drawable>
	<drawable>
		<name>seconds.xml</name>
		<centerX>100</centerX>
		<centerY>40</centerY>
		<arraytype>9</arraytype>
	</drawable>
	<drawable>
		<name>pedometer.xml</name>
		<centerX>0</centerX>
		<centerY>-100</centerY>
		<arraytype>12</arraytype>
	</drawable>
	<drawable>
		<name>battery.xml</name>
		<arraytype>14</arraytype>
		<centerX>0</centerX>
		<centerY>120</centerY>
	</drawable>
<!--COMMENTED BY ClockSkinMaker
<metadata gui='rra' version='1.4.0.0'/>
-->
</clockskin>