<clockskin>
    <drawable>
        <name>image1.png</name>
    </drawable>
    <drawable>
        <name>digital1.xml</name>
        <arraytype>13</arraytype>
        <centerX>103</centerX>
        <centerY>-131</centerY>
    </drawable>
    <drawable>
        <name>digital2.xml</name>
        <arraytype>5</arraytype>
        <centerX>-90</centerX>
        <centerY>-80</centerY>
    </drawable>
    <drawable>
        <name>digital3.xml</name>
        <arraytype>6</arraytype>
        <centerX>-93</centerX>
        <centerY>-3</centerY>
    </drawable>
    <drawable>
        <name>digital4.xml</name>
        <arraytype>14</arraytype>
        <centerX>91</centerX>
        <centerY>29</centerY>
    </drawable>
    <drawable>
        <name>digital5.xml</name>
        <arraytype>12</arraytype>
        <centerX>94</centerX>
        <centerY>132</centerY>
    </drawable>
    <drawable>
        <name>digital6.xml</name>
        <arraytype>10</arraytype>
        <centerX>-103</centerX>
        <centerY>83</centerY>
    </drawable>
    <drawable>
        <name>image2.png</name>
    </drawable>
    <drawable>
        <arraytype>99</arraytype>
        <centerX>-110</centerX>
        <centerY>38</centerY>
    </drawable>
    <drawable>
        <name>digital7.xml</name>
        <arraytype>9</arraytype>
        <centerX>-200</centerX>
        <centerY>0</centerY>
    </drawable>
    <drawable>
        <name>digital8.xml</name>
        <arraytype>9</arraytype>
        <centerX>200</centerX>
        <centerY>0</centerY>
    </drawable>
</clockskin>
