<?xml version="1.0" encoding="utf-8"?>
<clockskin>
	<drawable>
		<name>image1.png</name>
	</drawable>
	<drawable>
		<name>digital1.xml</name>
		<arraytype>3</arraytype>
	</drawable>
	<drawable>
		<name>digital4.xml</name>
		<arraytype>5</arraytype>
	</drawable>
	<drawable>
		<name>digital2_1.xml</name>
		<arraytype>4</arraytype>
		<centerY>-98</centerY>
	</drawable>
	<drawable>
		<name>digital2.xml</name>
		<arraytype>16</arraytype>
		<centerY>98</centerY>
	</drawable>
	<drawable>
		<name>image2.png</name>
		<rotate>1</rotate>
	</drawable>
	<drawable>
		<name>image3.png</name>
		<rotate>2</rotate>
	</drawable>
	<drawable>
		<name>image4.png</name>
		<rotate>3</rotate>
	</drawable>
<!--COMMENTED BY ClockSkinMaker
<metadata gui='rra' version='2.0.0.2'/>
-->
</clockskin>