<clockskin>
    <drawable>
        <name>image1.png</name>
    </drawable>
    <drawable>
        <name>digital1.xml</name>
        <arraytype>16</arraytype>
        <centerX>-79</centerX>
        <centerY>78</centerY>
    </drawable>
    <drawable>
        <rotate>4</rotate>
        <mulrotate>1</mulrotate>
        <centerX>3</centerX>
        <centerY>84</centerY>
        <name>image2.png</name>
    </drawable>
    <drawable>
        <rotate>20</rotate>
        <mulrotate>1</mulrotate>
        <centerX>89</centerX>
        <centerY>1</centerY>
        <name>image3.png</name>
    </drawable>
    <drawable>
        <rotate>5</rotate>
        <mulrotate>1</mulrotate>
        <centerX>-84</centerX>
        <centerY>0</centerY>
        <name>image4.png</name>
    </drawable>
    <drawable>
        <rotate>20</rotate>
        <mulrotate>1</mulrotate>
        <centerX>-84</centerX>
        <centerY>1</centerY>
        <name>image5.png</name>
    </drawable>
    <drawable>
        <rotate>1</rotate>
        <mulrotate>1</mulrotate>
        <name>image6.png</name>
    </drawable>
    <drawable>
        <rotate>2</rotate>
        <mulrotate>1</mulrotate>
        <centerX>2</centerX>
        <centerY>2</centerY>
        <name>image7.png</name>
    </drawable>
</clockskin>
