<clockskin>
    <drawable>
        <name>image1.png</name>
    </drawable>
    <drawable>
        <name>digital1.xml</name>
        <arraytype>6</arraytype>
    </drawable>
    <drawable>
        <name>digital2.xml</name>
        <arraytype>9</arraytype>
        <centerX>115</centerX>
        <centerY>12</centerY>
    </drawable>
    <drawable>
        <name>digital3.xml</name>
        <arraytype>1</arraytype>
        <centerX>0</centerX>
        <centerY>143</centerY>
    </drawable>
    <drawable>
        <name>digital4.xml</name>
        <arraytype>11</arraytype>
        <centerX>0</centerX>
        <centerY>-139</centerY>
    </drawable>
    <drawable>
        <name>digital5.xml</name>
        <arraytype>12</arraytype>
        <centerX>-113</centerX>
        <centerY>89</centerY>
    </drawable>
    <drawable>
        <name>digital6.xml</name>
        <arraytype>13</arraytype>
        <centerX>98</centerX>
        <centerY>89</centerY>
    </drawable>
    <drawable>
        <name>digital7.xml</name>
        <arraytype>14</arraytype>
        <centerX>-104</centerX>
        <centerY>-80</centerY>
    </drawable>
    <drawable>
        <name>digital8.xml</name>
        <arraytype>19</arraytype>
        <centerX>89</centerX>
        <centerY>-80</centerY>
    </drawable>
    <drawable>
        <name>digital9.xml</name>
        <arraytype>10</arraytype>
        <centerX>0</centerX>
        <centerY>-116</centerY>
    </drawable>
    <drawable>
        <name>image2.png</name>
    </drawable>
    <drawable>
        <name>image3.png</name>
        <rotate>3</rotate>
        <direction>2</direction>
        <mulrotate>-1</mulrotate>
    </drawable>
    <drawable>
        <name>image4.png</name>
    </drawable>
</clockskin>
