<clockskin>
    <drawable>
        <name>image1.png</name>
    </drawable>
    <drawable>
        <name>digital1.xml</name>
        <arraytype>9</arraytype>
        <centerX>159</centerX>
        <centerY>37</centerY>
    </drawable>
    <drawable>
        <name>image2.png</name>
    </drawable>
    <drawable>
        <name>digital2.xml</name>
        <arraytype>10</arraytype>
        <centerX>0</centerX>
        <centerY>156</centerY>
    </drawable>
    <drawable>
        <name>image3.png</name>
    </drawable>
    <drawable>
        <name>digital3.xml</name>
        <arraytype>14</arraytype>
        <centerX>-7</centerX>
        <centerY>-167</centerY>
    </drawable>
    <drawable>
        <rotate>6</rotate>
        <mulrotate>2</mulrotate>
        <centerX>0</centerX>
        <centerY>-150</centerY>
        <name>image4.png</name>
    </drawable>
    <drawable>
        <name>image5.png</name>
    </drawable>
    <drawable>
        <name>digital4.xml</name>
        <arraytype>4</arraytype>
        <centerX>-51</centerX>
        <centerY>-82</centerY>
    </drawable>
    <drawable>
        <name>digital5.xml</name>
        <arraytype>3</arraytype>
        <centerX>-9</centerX>
        <centerY>-82</centerY>
    </drawable>
    <drawable>
        <name>digital6.xml</name>
        <arraytype>16</arraytype>
        <centerX>42</centerX>
        <centerY>-82</centerY>
    </drawable>
    <drawable>
        <name>digital7.xml</name>
        <arraytype>12</arraytype>
        <centerX>-22</centerX>
        <centerY>94</centerY>
    </drawable>
    <drawable>
        <name>image6.png</name>
    </drawable>
    <drawable>
        <name>digital8.xml</name>
        <arraytype>13</arraytype>
        <centerX>72</centerX>
        <centerY>94</centerY>
    </drawable>
    <drawable>
        <name>image7.png</name>
    </drawable>
    <drawable>
        <name>digital9.xml</name>
        <arraytype>5</arraytype>
        <centerX>-85</centerX>
        <centerY>-64</centerY>
    </drawable>
    <drawable>
        <name>image8.png</name>
    </drawable>
    <drawable>
        <name>digital10.xml</name>
        <arraytype>5</arraytype>
        <centerX>-54</centerX>
        <centerY>-64</centerY>
    </drawable>
    <drawable>
        <name>image9.png</name>
    </drawable>
    <drawable>
        <name>digital11.xml</name>
        <arraytype>5</arraytype>
        <centerX>-25</centerX>
        <centerY>-64</centerY>
    </drawable>
    <drawable>
        <name>image10.png</name>
    </drawable>
    <drawable>
        <name>digital12.xml</name>
        <arraytype>5</arraytype>
        <centerX>5</centerX>
        <centerY>-64</centerY>
    </drawable>
    <drawable>
        <name>image11.png</name>
    </drawable>
    <drawable>
        <name>digital13.xml</name>
        <arraytype>5</arraytype>
        <centerX>34</centerX>
        <centerY>-64</centerY>
    </drawable>
    <drawable>
        <name>image12.png</name>
    </drawable>
    <drawable>
        <name>digital14.xml</name>
        <arraytype>5</arraytype>
        <centerX>59</centerX>
        <centerY>-64</centerY>
    </drawable>
    <drawable>
        <name>image13.png</name>
    </drawable>
    <drawable>
        <name>digital15.xml</name>
        <arraytype>5</arraytype>
        <centerX>85</centerX>
        <centerY>-64</centerY>
    </drawable>
    <drawable>
        <name>digital16.xml</name>
        <arraytype>6</arraytype>
        <centerX>0</centerX>
        <centerY>11</centerY>
    </drawable>
    <drawable>
        <name>digital17.xml</name>
        <arraytype>9</arraytype>
        <centerX>-200</centerX>
        <centerY>0</centerY>
    </drawable>
    <drawable>
        <name>digital18.xml</name>
        <arraytype>9</arraytype>
        <centerX>200</centerX>
        <centerY>0</centerY>
    </drawable>
</clockskin>
