<?xml version="1.0" encoding="utf-8"?>
<clockskin>
	<drawable>
		<name>lum3.png</name>
	</drawable>
	<drawable>
		<name>bm_2.png</name>
		<rotate>7</rotate>
		<centerX>-84</centerX>
	</drawable>
	<drawable>
		<name>date_5_1.xml</name>
		<arraytype>14</arraytype>
		<centerX>73</centerX>
	</drawable>
	<drawable>
		<name>date_5.xml</name>
		<arraytype>4</arraytype>
		<centerX>-85</centerX>
		<centerY>-1</centerY>
	</drawable>
	<drawable>
		<name>bm.png</name>
		<rotate>5</rotate>
		<centerX>86</centerX>
	</drawable>
	<drawable>
		<name>month_array.xml</name>
		<arraytype>3</arraytype>
		<centerX>-35</centerX>
		<centerY>105</centerY>
	</drawable>
	<drawable>
		<name>date_1_2.xml</name>
		<arraytype>9</arraytype>
		<centerX>52</centerX>
		<centerY>84</centerY>
	</drawable>
	<drawable>
		<name>date_1_3.xml</name>
		<arraytype>16</arraytype>
		<centerX>23</centerX>
		<centerY>104</centerY>
	</drawable>
	<drawable>
		<name>date_1.xml</name>
		<arraytype>6</arraytype>
		<centerX>-16</centerX>
		<centerY>82</centerY>
	</drawable>
	<drawable>
		<name>PR.png</name>
		<centerX>112</centerX>
	</drawable>
	<drawable>
		<name>S1.png</name>
		<centerY>2</centerY>
	</drawable>
	<drawable>
		<name>hours.png</name>
		<rotate>1</rotate>
		<centerX>-6</centerX>
		<centerY>6</centerY>
	</drawable>
	<drawable>
		<name>hour.png</name>
		<rotate>1</rotate>
	</drawable>
	<drawable>
		<name>mins.png</name>
		<rotate>2</rotate>
		<centerX>-8</centerX>
		<centerY>11</centerY>
	</drawable>
	<drawable>
		<name>min.png</name>
		<rotate>2</rotate>
	</drawable>
	<drawable>
		<name>secs.png</name>
		<rotate>3</rotate>
		<centerX>-10</centerX>
		<centerY>12</centerY>
	</drawable>
	<drawable>
		<name>sec.png</name>
		<rotate>3</rotate>
	</drawable>
<!--COMMENTED BY ClockSkinMaker
<metadata gui='rra' version='1.6.0.0'/>
-->
</clockskin>