<clockskin>
    <drawable>
        <name>image1.png</name>
    </drawable>
    <drawable>
        <name>digital1.xml</name>
        <arraytype>6</arraytype>
        <centerX>0</centerX>
        <centerY>-120</centerY>
    </drawable>
    <drawable>
        <name>digital2.xml</name>
        <arraytype>11</arraytype>
        <centerX>100</centerX>
        <centerY>48</centerY>
    </drawable>
    <drawable>
        <name>digital3.xml</name>
        <arraytype>12</arraytype>
        <centerX>60</centerX>
        <centerY>123</centerY>
    </drawable>
    <drawable>
        <name>digital4.xml</name>
        <arraytype>13</arraytype>
        <centerX>115</centerX>
        <centerY>-35</centerY>
    </drawable>
    <drawable>
        <name>digital5.xml</name>
        <arraytype>10</arraytype>
        <centerX>-50</centerX>
        <centerY>123</centerY>
    </drawable>
    <drawable>
        <name>digital6.xml</name>
        <arraytype>2</arraytype>
        <centerX>-109</centerX>
        <centerY>-35</centerY>
    </drawable>
    <drawable>
        <name>digital7.xml</name>
        <arraytype>5</arraytype>
        <centerX>0</centerX>
        <centerY>50</centerY>
    </drawable>
    <drawable>
        <name>image2.png</name>
    </drawable>
    <drawable>
        <name>digital8.xml</name>
        <arraytype>14</arraytype>
        <centerX>-125</centerX>
        <centerY>48</centerY>
    </drawable>
    <drawable>
        <name>image3.png</name>
    </drawable>
    <drawable>
        <rotate>1</rotate>
        <mulrotate>1</mulrotate>
        <name>image4.png</name>
    </drawable>
    <drawable>
        <rotate>2</rotate>
        <mulrotate>1</mulrotate>
        <centerX>-1</centerX>
        <centerY>-3</centerY>
        <name>image5.png</name>
    </drawable>
    <drawable>
        <rotate>3</rotate>
        <mulrotate>1</mulrotate>
        <name>image6.png</name>
    </drawable>
</clockskin>
