<?xml version="1.0" encoding="utf-8"?>
<clockskin>
	<drawable>
		<name>shad.png</name>
	</drawable>
	<drawable>
		<name>batt.png</name>
		<rotate>6</rotate>
		<startAngle>45</startAngle>
		<mulrotate>2</mulrotate>
	</drawable>
	<drawable>
		<name>web.png</name>
		<centerX>-4</centerX>
		<centerY>2</centerY>
	</drawable>
	<drawable>
		<name>back2.png</name>
	</drawable>
	<drawable>
		<name>steps.png</name>
		<centerX>84</centerX>
		<centerY>121</centerY>
	</drawable>
	<drawable>
		<name>digital2_1.xml</name>
		<arraytype>12</arraytype>
		<centerX>84</centerX>
		<centerY>97</centerY>
	</drawable>
	<drawable>
		<name>digital9.xml</name>
		<arraytype>14</arraytype>
		<centerX>44</centerX>
		<centerY>-9</centerY>
	</drawable>
	<drawable>
		<name>dateback.png</name>
		<centerX>136</centerX>
		<centerY>48</centerY>
	</drawable>
	<drawable>
		<name>digital2.xml</name>
		<arraytype>4</arraytype>
		<centerX>113</centerX>
		<centerY>48</centerY>
	</drawable>
	<drawable>
		<name>month_array.xml</name>
		<arraytype>3</arraytype>
		<centerX>156</centerX>
		<centerY>54</centerY>
	</drawable>
	<drawable>
		<arraytype>99</arraytype>
		<centerX>-23</centerX>
		<centerY>63</centerY>
	</drawable>
	<drawable>
		<name>hour.png</name>
		<rotate>1</rotate>
		<centerX>3</centerX>
	</drawable>
	<drawable>
		<name>minute.png</name>
		<rotate>2</rotate>
		<centerX>2</centerX>
		<centerY>-2</centerY>
	</drawable>
	<drawable>
		<name>seccond2.png</name>
		<rotate>3</rotate>
		<centerX>3</centerX>
	</drawable>
	<drawable>
		<name>dot.png</name>
		<centerX>4</centerX>
		<centerY>1</centerY>
	</drawable>
	<drawable>
		<name>dot2.png</name>
		<centerX>3</centerX>
		<centerY>-1</centerY>
	</drawable>
<!--COMMENTED BY ClockSkinMaker
<metadata gui='rra' version='1.4.0.0'/>
-->
</clockskin>