<clockskin>
    <drawable>
        <name>image1.png</name>
    </drawable>
    <drawable>
        <rotate>3</rotate>
        <mulrotate>1</mulrotate>
        <centerX>0</centerX>
        <centerY>-35</centerY>
        <name>image2.png</name>
    </drawable>
    <drawable>
        <name>image3.png</name>
    </drawable>
    <drawable>
        <rotate>3</rotate>
        <mulrotate>1</mulrotate>
        <centerX>-148</centerX>
        <centerY>-24</centerY>
        <name>image4.png</name>
    </drawable>
    <drawable>
        <rotate>3</rotate>
        <mulrotate>10</mulrotate>
        <centerX>-148</centerX>
        <centerY>-24</centerY>
        <name>image5.png</name>
    </drawable>
    <drawable>
        <rotate>3</rotate>
        <mulrotate>1</mulrotate>
        <centerX>150</centerX>
        <centerY>-24</centerY>
        <name>image4.png</name>
    </drawable>
    <drawable>
        <rotate>3</rotate>
        <mulrotate>10</mulrotate>
        <centerX>150</centerX>
        <centerY>-24</centerY>
        <name>image5.png</name>
    </drawable>
    <drawable>
        <name>image8.png</name>
    </drawable>
    <drawable>
        <name>digital1.xml</name>
        <arraytype>6</arraytype>
        <centerX>2</centerX>
        <centerY>-31</centerY>
    </drawable>
    <drawable>
        <rotate>3</rotate>
        <mulrotate>10</mulrotate>
        <centerX>-78</centerX>
        <centerY>61</centerY>
        <name>image9.png</name>
    </drawable>
    <drawable>
        <rotate>3</rotate>
        <mulrotate>10</mulrotate>
        <centerX>-116</centerX>
        <centerY>96</centerY>
        <name>image10.png</name>
    </drawable>
    <drawable>
        <name>image11.png</name>
    </drawable>
    <drawable>
        <rotate>3</rotate>
        <direction>2</direction>
        <mulrotate>10</mulrotate>
        <centerX>143</centerX>
        <centerY>50</centerY>
        <name>image9.png</name>
    </drawable>
    <drawable>
        <rotate>3</rotate>
        <direction>2</direction>
        <mulrotate>10</mulrotate>
        <centerX>76</centerX>
        <centerY>71</centerY>
        <name>image13.png</name>
    </drawable>
    <drawable>
        <rotate>3</rotate>
        <direction>2</direction>
        <mulrotate>10</mulrotate>
        <centerX>-142</centerX>
        <centerY>47</centerY>
        <name>image14.png</name>
    </drawable>
    <drawable>
        <name>image15.png</name>
    </drawable>
    <drawable>
        <rotate>3</rotate>
        <mulrotate>10</mulrotate>
        <centerX>117</centerX>
        <centerY>96</centerY>
        <name>image10.png</name>
    </drawable>
    <drawable>
        <rotate>3</rotate>
        <mulrotate>1</mulrotate>
        <centerX>-39</centerX>
        <centerY>18</centerY>
        <name>image17.png</name>
    </drawable>
    <drawable>
        <rotate>3</rotate>
        <mulrotate>10</mulrotate>
        <centerX>-33</centerX>
        <centerY>135</centerY>
        <name>image18.png</name>
    </drawable>
    <drawable>
        <rotate>3</rotate>
        <direction>2</direction>
        <mulrotate>10</mulrotate>
        <centerX>32</centerX>
        <centerY>135</centerY>
        <name>image18.png</name>
    </drawable>
    <drawable>
        <name>image20.png</name>
    </drawable>
    <drawable>
        <rotate>3</rotate>
        <direction>2</direction>
        <mulrotate>10</mulrotate>
        <centerX>-3</centerX>
        <centerY>46</centerY>
        <name>image21.png</name>
    </drawable>
    <drawable>
        <name>image22.png</name>
    </drawable>
    <drawable>
        <rotate>3</rotate>
        <direction>2</direction>
        <mulrotate>360</mulrotate>
        <centerX>0</centerX>
        <centerY>-138</centerY>
        <name>image23.png</name>
    </drawable>
    <drawable>
        <rotate>3</rotate>
        <direction>2</direction>
        <mulrotate>354</mulrotate>
        <centerX>0</centerX>
        <centerY>-138</centerY>
        <name>image23.png</name>
    </drawable>
    <drawable>
        <name>image25.png</name>
    </drawable>
    <drawable>
        <rotate>1</rotate>
        <mulrotate>1</mulrotate>
        <name>image26.png</name>
    </drawable>
    <drawable>
        <rotate>2</rotate>
        <mulrotate>1</mulrotate>
        <name>image27.png</name>
    </drawable>
    <drawable>
        <rotate>3</rotate>
        <direction>2</direction>
        <mulrotate>1</mulrotate>
        <name>image28.png</name>
    </drawable>
    <drawable>
        <rotate>3</rotate>
        <mulrotate>1</mulrotate>
        <name>image29.png</name>
    </drawable>
    <drawable>
        <name>image30.png</name>
    </drawable>
</clockskin>
