﻿<?xml version="1.0" encoding="utf-8"?>
<clockskin>
  <drawable>
    <name>image1.png</name>
  </drawable>
  <drawable>
    <name>image2.png</name>
    <arraytype>75</arraytype>
    <centerX>-250</centerX>
    <centerY>0</centerY>
    <endX>250</endX>
    <endY>0</endY>
    <mulrotate>200</mulrotate>
    <color>0</color>
    <direction>1</direction>
  </drawable>
  <drawable>
    <name>image7.png</name>
    <arraytype>75</arraytype>
    <centerX>75</centerX>
    <centerY>175</centerY>
    <endX>75</endX>
    <endY>-175</endY>
    <mulrotate>400</mulrotate>
    <color>0</color>
    <direction>1</direction>
  </drawable>
  <drawable>
    <name>image8.png</name>
    <arraytype>75</arraytype>
    <centerX>150</centerX>
    <centerY>-70</centerY>
    <endX>-150</endX>
    <endY>-70</endY>
    <mulrotate>400</mulrotate>
    <color>0</color>
    <direction>1</direction>
  </drawable>
  <drawable>
    <name>image9.png</name>
    <arraytype>75</arraytype>
    <centerX>-215</centerX>
    <centerY>-70</centerY>
    <endX>250</endX>
    <endY>0</endY>
    <mulrotate>400</mulrotate>
    <color>0</color>
    <direction>1</direction>
  </drawable>
  <drawable>
    <name>image3.png</name>
  </drawable>
  <drawable>
    <name>image4.png</name>
    <rotate>1</rotate>
    <direction>1</direction>
    <mulrotate>1</mulrotate>
  </drawable>
  <drawable>
    <name>image5.png</name>
    <rotate>2</rotate>
    <direction>1</direction>
    <mulrotate>1</mulrotate>
  </drawable>
  <drawable>
    <name>image6.png</name>
    <rotate>3</rotate>
    <direction>1</direction>
    <mulrotate>1</mulrotate>
  </drawable>
</clockskin>