<?xml version="1.0" encoding="utf-8"?>
<clockskin>
	<drawable>
		<name>clock_bg.png</name>
	</drawable>
	<drawable>
		<name>seconds_array.xml</name>
		<arraytype>9</arraytype>
		<centerX>5</centerX>
		<centerY>-41</centerY>
	</drawable>
	<drawable>
		<name>weekday.xml</name>
		<arraytype>5</arraytype>
		<centerX>118</centerX>
		<centerY>-22</centerY>
	</drawable>
	<drawable>
		<name>date.xml</name>
		<arraytype>4</arraytype>
		<centerX>118</centerX>
		<centerY>-2</centerY>
	</drawable>
	<drawable>
		<name>month.xml</name>
		<arraytype>3</arraytype>
		<centerX>118</centerX>
		<centerY>24</centerY>
	</drawable>
	<drawable>
		<name>weather_array.xml</name>
		<arraytype>10</arraytype>
		<centerX>37</centerX>
		<centerY>105</centerY>
	</drawable>
	<drawable>
		<name>temp.xml</name>
		<arraytype>11</arraytype>
		<centerX>30</centerX>
		<centerY>147</centerY>
	</drawable>
	<drawable>
		<name>battery_array.xml</name>
		<arraytype>14</arraytype>
		<centerX>99</centerX>
		<centerY>-87</centerY>
	</drawable>
	<drawable>
		<name>clock_hour.png</name>
		<rotate>1</rotate>
	</drawable>
	<drawable>
		<name>clock_minute.png</name>
		<rotate>2</rotate>
	</drawable>
<!--COMMENTED BY ClockSkinMaker
<metadata gui='rra' version='1.6.0.0'/>
-->
</clockskin>