<?xml version="1.0" encoding="utf-8"?>
<clockskin>
	<drawable>
		<name>lackenart backgroun 2.png</name>
	</drawable>
	<drawable>
		<name>lackenart gear 3_1.png</name>
		<rotate>3</rotate>
		<centerX>78</centerX>
		<centerY>-20</centerY>
		<direction>2</direction>
		<mulrotate>42</mulrotate>
	</drawable>
	<drawable>
		<name>lackenart gear 3.png</name>
		<rotate>3</rotate>
		<centerX>-57</centerX>
		<centerY>-68</centerY>
		<mulrotate>60</mulrotate>
	</drawable>
	<drawable>
		<name>lackenart supost.png</name>
	</drawable>
	<drawable>
		<name>lackenart background.png</name>
	</drawable>
	<drawable>
		<name>inner_full copy.png</name>
	</drawable>
	<drawable>
		<name>lackenart clock sealz.png</name>
	</drawable>
	<drawable>
		<name>step_array.xml</name>
		<arraytype>12</arraytype>
		<centerX>-45</centerX>
		<centerY>37</centerY>
	</drawable>
	<drawable>
		<name>heartrate_array.xml</name>
		<arraytype>13</arraytype>
		<centerX>45</centerX>
		<centerY>46</centerY>
	</drawable>
	<drawable>
		<name>day_array.xml</name>
		<arraytype>4</arraytype>
		<centerY>-77</centerY>
	</drawable>
	<drawable>
		<arraytype>99</arraytype>
		<centerX>-20</centerX>
		<centerY>-115</centerY>
	</drawable>
	<drawable>
		<name>lackenart minute.png</name>
		<rotate>2</rotate>
	</drawable>
	<drawable>
		<name>lackenart hour.png</name>
		<rotate>1</rotate>
	</drawable>
<!--COMMENTED BY ClockSkinMaker
<metadata gui='rra' version='1.5.0.0'/>
-->
</clockskin>