<clockskin>
    <drawable>
        <name>image1.png</name>
    </drawable>
    <drawable>
        <name>image2.png</name>
        <rotate>6</rotate>
        <mulrotate>1</mulrotate>
        <centerX>116</centerX>
        <centerY>6</centerY>
    </drawable>
    <drawable>
        <name>image3.png</name>
        <rotate>6</rotate>
        <mulrotate>1</mulrotate>
        <centerX>116</centerX>
        <centerY>6</centerY>
    </drawable>
    <drawable>
        <name>digital1.xml</name>
        <arraytype>6</arraytype>
        <centerX>-16</centerX>
        <centerY>114</centerY>
    </drawable>
    <drawable>
        <name>digital2.xml</name>
        <arraytype>9</arraytype>
        <centerX>78</centerX>
        <centerY>122</centerY>
    </drawable>
    <drawable>
        <name>digital3.xml</name>
        <arraytype>5</arraytype>
        <centerX>-92</centerX>
        <centerY>-91</centerY>
    </drawable>
    <drawable>
        <name>digital4.xml</name>
        <arraytype>4</arraytype>
        <centerX>-33</centerX>
        <centerY>-91</centerY>
    </drawable>
    <drawable>
        <name>digital5.xml</name>
        <arraytype>3</arraytype>
        <centerX>60</centerX>
        <centerY>-91</centerY>
    </drawable>
    <drawable>
        <name>digital6.xml</name>
        <arraytype>16</arraytype>
        <centerX>0</centerX>
        <centerY>-119</centerY>
    </drawable>
    <drawable>
        <name>image4.png</name>
    </drawable>
    <drawable>
        <name>digital7.xml</name>
        <arraytype>13</arraytype>
        <centerX>11</centerX>
        <centerY>-38</centerY>
    </drawable>
    <drawable>
        <name>digital8.xml</name>
        <arraytype>12</arraytype>
        <centerX>30</centerX>
        <centerY>-3</centerY>
    </drawable>
    <drawable>
        <name>digital9.xml</name>
        <arraytype>10</arraytype>
        <centerX>-137</centerX>
        <centerY>30</centerY>
    </drawable>
    <drawable>
        <name>digital10.xml</name>
        <arraytype>10</arraytype>
        <centerX>-56</centerX>
        <centerY>35</centerY>
    </drawable>
    <drawable>
        <name>digital11.xml</name>
        <arraytype>11</arraytype>
        <centerX>32</centerX>
        <centerY>32</centerY>
    </drawable>
    <drawable>
        <arraytype>99</arraytype>
        <color>1</color>
        <centerX>-25</centerX>
        <centerY>156</centerY>
    </drawable>
</clockskin>
