<?xml version="1.0" encoding="utf-8"?>
<drawables>
     <image>00.png</image>
     <image>01.png</image>
     <image>02.png</image>
     <image>03.png</image>
     <image>04.png</image>
     <image>05.png</image>
     <image>06.png</image>
     <image>07.png</image>
     <image>08.png</image>
     <image>09.png</image>
     <image>10.png</image>
     <image>11.png</image>
     <image>12.png</image>
     <image>13.png</image>
     <image>14.png</image>
     <image>15.png</image>
     <image>16.png</image>
     <image>17.png</image>
     <image>18.png</image>
     <image>19.png</image>
     <image>20.png</image>
     <image>21.png</image>
     <image>22.png</image>
     <image>23.png</image>
     <image>24.png</image>
     <image>25.png</image>
     <image>26.png</image>
     <image>27.png</image>
     <image>28.png</image>
     <image>29.png</image>
     <image>30.png</image>
     <image>31.png</image>
     <image>32.png</image>
     <image>33.png</image>
     <image>34.png</image>
     <image>35.png</image>
</drawables>
