<?xml version="1.0" encoding="utf-8"?>
<clockskin>
	<drawable>
		<name>clock_bg.png</name>
	</drawable>
	<drawable>
		<name>clock_smallhand.png</name>
		<rotate>6</rotate>
		<centerX>66</centerX>
		<centerY>-64</centerY>
		<direction>1</direction>
		<mulrotate>2</mulrotate>
	</drawable>
	<drawable>
		<name>time_array.xml</name>
		<arraytype>7</arraytype>
		<centerX>-32</centerX>
		<centerY>123</centerY>
	</drawable>
	<drawable>
		<name>time_array.xml</name>
		<arraytype>8</arraytype>
		<centerX>32</centerX>
		<centerY>123</centerY>
	</drawable>
	<drawable>
		<name>seconds_array.xml</name>
		<arraytype>9</arraytype>
		<centerX>79</centerX>
		<centerY>103</centerY>
	</drawable>
	<drawable>
		<name>10sec_array.xml</name>
		<arraytype>9</arraytype>
		<centerX>-74</centerX>
		<centerY>71</centerY>
	</drawable>
	<drawable>
		<name>moonphase_array.xml</name>
		<arraytype>19</arraytype>
		<centerX>-79</centerX>
		<centerY>103</centerY>
	</drawable>
	<drawable>
		<name>weekday.xml</name>
		<arraytype>5</arraytype>
		<centerX>-86</centerX>
		<centerY>44</centerY>
	</drawable>
	<drawable>
		<name>date.xml</name>
		<arraytype>4</arraytype>
		<centerX>1</centerX>
		<centerY>44</centerY>
	</drawable>
	<drawable>
		<name>month.xml</name>
		<arraytype>3</arraytype>
		<centerX>84</centerX>
		<centerY>44</centerY>
	</drawable>
	<drawable>
		<name>weather_array.xml</name>
		<arraytype>10</arraytype>
		<centerX>-54</centerX>
		<centerY>-85</centerY>
	</drawable>
	<drawable>
		<name>weathertext_array.xml</name>
		<arraytype>10</arraytype>
		<centerX>-79</centerX>
		<centerY>-44</centerY>
	</drawable>
	<drawable>
		<name>temp.xml</name>
		<arraytype>11</arraytype>
		<centerX>-114</centerX>
		<centerY>-80</centerY>
	</drawable>
	<drawable>
		<name>clock_hour_shadow.png</name>
		<rotate>1</rotate>
		<centerX>3</centerX>
		<centerY>3</centerY>
	</drawable>
	<drawable>
		<name>clock_hour.png</name>
		<rotate>1</rotate>
	</drawable>
	<drawable>
		<name>clock_minute_shadow.png</name>
		<rotate>2</rotate>
		<centerX>3</centerX>
		<centerY>3</centerY>
	</drawable>
	<drawable>
		<name>clock_minute.png</name>
		<rotate>2</rotate>
	</drawable>
	<drawable>
		<name>clock_second_shadow.png</name>
		<rotate>3</rotate>
		<centerX>2</centerX>
		<centerY>2</centerY>
	</drawable>
	<drawable>
		<name>clock_second.png</name>
		<rotate>3</rotate>
	</drawable>
<!--COMMENTED BY ClockSkinMaker
<metadata gui='rra' version='1.6.0.0'/>
-->
</clockskin>