<?xml version="1.0" encoding="utf-8"?>
<drawables>
	<image>weathertext_sunny.png</image>
	<image>weathertext_cloudy.png</image>
	<image>weathertext_overcast.png</image>
	<image>weathertext_fog.png</image>
	<image>weathertext_rain.png</image>
	<image>weathertext_showers.png</image>
	<image>weathertext_t-storm.png</image>
	<image>weathertext_rainstorm.png</image>
	<image>weathertext_snow.png</image>
	<image>weathertext_rainsnow.png</image>
	<image>weathertext_hot.png</image>
	<image>weathertext_cold.png</image>
	<image>weathertext_windy.png</image>
	<image>weathertext_sunnynight.png</image>
	<image>weathertext_cloudynight.png</image>
</drawables>