<clockskin>
    <drawable>
        <name>image1.png</name>
    </drawable>
    <drawable>
        <name>digital1.xml</name>
        <arraytype>6</arraytype>
        <centerX>0</centerX>
        <centerY>100</centerY>
    </drawable>
    <drawable>
        <name>image2.png</name>
    </drawable>
    <drawable>
        <name>digital2.xml</name>
        <arraytype>14</arraytype>
        <centerX>-12</centerX>
        <centerY>142</centerY>
    </drawable>
    <drawable>
        <name>image3.png</name>
    </drawable>
    <drawable>
        <rotate>7</rotate>
        <mulrotate>1</mulrotate>
        <centerX>90</centerX>
        <centerY>0</centerY>
        <name>image4.png</name>
    </drawable>
    <drawable>
        <rotate>4</rotate>
        <mulrotate>1</mulrotate>
        <centerX>-91</centerX>
        <centerY>0</centerY>
        <name>image5.png</name>
    </drawable>
    <drawable>
        <rotate>3</rotate>
        <mulrotate>2</mulrotate>
        <centerX>90</centerX>
        <centerY>0</centerY>
        <name>image6.png</name>
    </drawable>
    <drawable>
        <name>image7.png</name>
    </drawable>
    <drawable>
        <rotate>5</rotate>
        <mulrotate>1</mulrotate>
        <centerX>-91</centerX>
        <centerY>0</centerY>
        <name>image8.png</name>
    </drawable>
    <drawable>
        <name>image9.png</name>
    </drawable>
    <drawable>
        <name>digital3.xml</name>
        <arraytype>4</arraytype>
        <centerX>-95</centerX>
        <centerY>109</centerY>
    </drawable>
    <drawable>
        <name>digital3.xml</name>
        <arraytype>4</arraytype>
        <centerX>294</centerX>
        <centerY>98</centerY>
    </drawable>
    <drawable>
        <rotate>1</rotate>
        <mulrotate>1</mulrotate>
        <name>image10.png</name>
    </drawable>
    <drawable>
        <rotate>2</rotate>
        <mulrotate>1</mulrotate>
        <name>image11.png</name>
    </drawable>
    <drawable>
        <rotate>10</rotate>
        <mulrotate>1</mulrotate>
        <name>image12.png</name>
    </drawable>
    <drawable>
        <rotate>3</rotate>
        <mulrotate>1</mulrotate>
        <name>image13.png</name>
    </drawable>
    <drawable>
        <name>image14.png</name>
    </drawable>
</clockskin>
