<?xml version="1.0" encoding="utf-8"?>
<drawables>
	<image>temp-0.png</image>
	<image>temp-1.png</image>
	<image>temp-2.png</image>
	<image>temp-3.png</image>
	<image>temp-4.png</image>
	<image>temp-5.png</image>
	<image>temp-6.png</image>
	<image>temp-7.png</image>
	<image>temp-8.png</image>
	<image>temp-9.png</image>
	<image>temp-minus.png</image>
	<image>temp-degree.png</image>
<!--COMMENTED BY ClockSkinMaker
<metadata gui='rra' version='1.6.0.0' type='array_temprature' forecolor='3A3F43' autoscale='0' font='Data' fontstyle='Regular' fontsize='15,48673'>
<content>0</content>
<content>1</content>
<content>2</content>
<content>3</content>
<content>4</content>
<content>5</content>
<content>6</content>
<content>7</content>
<content>8</content>
<content>9</content>
<content>-</content>
<content>°</content>
</metadata>
-->
</drawables>