<clockskin>
    <drawable>
        <name>image1.png</name>
    </drawable>
    <drawable>
        <rotate>3</rotate>
        <direction>2</direction>
        <mulrotate>6</mulrotate>
        <name>image2.png</name>
    </drawable>
    <drawable>
        <name>image3.png</name>
    </drawable>
    <drawable>
        <name>digital1.xml</name>
        <arraytype>6</arraytype>
        <centerX>0</centerX>
        <centerY>-136</centerY>
    </drawable>
    <drawable>
        <name>digital2.xml</name>
        <arraytype>9</arraytype>
        <centerX>0</centerX>
        <centerY>-88</centerY>
    </drawable>
    <drawable>
        <name>digital3.xml</name>
        <arraytype>5</arraytype>
        <centerX>0</centerX>
        <centerY>104</centerY>
    </drawable>
    <drawable>
        <name>digital4.xml</name>
        <arraytype>4</arraytype>
        <centerX>-270</centerX>
        <centerY>140</centerY>
    </drawable>
    <drawable>
        <name>digital5.xml</name>
        <arraytype>4</arraytype>
        <centerX>110</centerX>
        <centerY>140</centerY>
    </drawable>
    <drawable>
        <name>digital6.xml</name>
        <arraytype>3</arraytype>
        <centerX>-21</centerX>
        <centerY>140</centerY>
    </drawable>
    <drawable>
        <name>digital7.xml</name>
        <arraytype>16</arraytype>
        <centerX>60</centerX>
        <centerY>140</centerY>
    </drawable>
    <drawable>
        <name>image4.png</name>
    </drawable>
    <drawable>
        <name>digital8.xml</name>
        <arraytype>12</arraytype>
        <centerX>138</centerX>
        <centerY>21</centerY>
    </drawable>
    <drawable>
        <name>digital9.xml</name>
        <arraytype>13</arraytype>
        <centerX>-119</centerX>
        <centerY>-26</centerY>
    </drawable>
    <drawable>
        <name>digital10.xml</name>
        <arraytype>11</arraytype>
        <centerX>-123</centerX>
        <centerY>21</centerY>
    </drawable>
    <drawable>
        <name>image5.png</name>
    </drawable>
    <drawable>
        <name>digital11.xml</name>
        <arraytype>10</arraytype>
        <centerX>-167</centerX>
        <centerY>20</centerY>
    </drawable>
    <drawable>
        <name>digital12.xml</name>
        <arraytype>14</arraytype>
        <centerX>16</centerX>
        <centerY>172</centerY>
    </drawable>
</clockskin>
