<?xml version="1.0" encoding="utf-8"?>
<clockskin>
	<drawable>
		<name>400a.png</name>
	</drawable>
	<drawable>
		<name>day.xml</name>
		<arraytype>4</arraytype>
		<centerX>67</centerX>
		<centerY>-64</centerY>
	</drawable>
	<drawable>
		<name>weekday.xml</name>
		<arraytype>5</arraytype>
		<centerY>172</centerY>
	</drawable>
	<drawable>
		<name>1hand.png</name>
		<rotate>1</rotate>
	</drawable>
	<drawable>
		<name>1minute.png</name>
		<rotate>2</rotate>
	</drawable>
	<drawable>
		<name>1second.png</name>
		<rotate>3</rotate>
	</drawable>
<!--COMMENTED BY ClockSkinMaker
<metadata gui='rra' version='1.4.0.0'/>
-->
</clockskin>