<?xml version="1.0" encoding="utf-8"?>
<drawables>
	<image>weekday_sun.png</image>
	<image>weekday_mon.png</image>
	<image>weekday_tue.png</image>
	<image>weekday_wed.png</image>
	<image>weekday_thu.png</image>
	<image>weekday_fri.png</image>
	<image>weekday_sat.png</image>
<!--COMMENTED BY ClockSkinMaker
<metadata gui='rra' version='1.4.0.0' type='array_weekday' forecolor='3C3C3C' autoscale='1' font='Times New Roman' fontstyle='Regular' fontsize='20,99471'>
<content forecolor='CC0000'>SUN</content>
<content>MON</content>
<content>TUE</content>
<content>WED</content>
<content>THU</content>
<content>FRI</content>
<content>SAT</content>
</metadata>
-->
</drawables>