<?xml version="1.0" encoding="utf-8"?>
<drawables>
	<image>day_sun.png</image>
	<image>day_mon.png</image>
	<image>day_tue.png</image>
	<image>day_wed.png</image>
	<image>day_thu.png</image>
	<image>day_fri.png</image>
	<image>day_sat.png</image>
<!--COMMENTED BY ClockSkinMaker
<metadata gui='rra' version='1.4.0.0' type='array_weekday' forecolor='FFFFFF' autoscale='1' font='Times New Roman' fontstyle='Regular' fontsize='21,67196'>
<content>So</content>
<content>Mo</content>
<content>Di</content>
<content>Mi</content>
<content>Do</content>
<content>Fr</content>
<content>Sa</content>
</metadata>
-->
</drawables>