<?xml version="1.0" encoding="utf-8"?>
<drawables>
	<image>mon_jan.png</image>
	<image>mon_feb.png</image>
	<image>mon_mar.png</image>
	<image>mon_apr.png</image>
	<image>mon_may.png</image>
	<image>mon_jun.png</image>
	<image>mon_jul.png</image>
	<image>mon_aug.png</image>
	<image>mon_sep.png</image>
	<image>mon_oct.png</image>
	<image>mon_nov.png</image>
	<image>mon_dec.png</image>
<!--COMMENTED BY ClockSkinMaker
<metadata gui='rra' version='1.4.0.0' type='array_month' forecolor='FFFFFF' autoscale='1' font='Times New Roman' fontstyle='Regular' fontsize='14,9081'>
<content>Jan</content>
<content>Feb</content>
<content>Mrz</content>
<content>Apr</content>
<content>Mai</content>
<content>Jun</content>
<content>Jul</content>
<content>Aug</content>
<content>Sep</content>
<content>Okt</content>
<content>Nov</content>
<content>Dez</content>
</metadata>
-->
</drawables>