<?xml version="1.0" encoding="utf-8"?>
<clockskin>
	<drawable>
		<name>clock_bg.png</name>
	</drawable>
	<drawable>
		<name>date.xml</name>
		<arraytype>4</arraytype>
		<centerX>-68</centerX>
		<centerY>-102</centerY>
	</drawable>
	<drawable>
		<name>date.xml</name>
		<arraytype>16</arraytype>
		<centerX>52</centerX>
		<centerY>-102</centerY>
	</drawable>
	<drawable>
		<name>month.xml</name>
		<arraytype>3</arraytype>
		<centerX>-17</centerX>
		<centerY>-102</centerY>
	</drawable>
	<drawable>
		<name>time_array.xml</name>
		<arraytype>7</arraytype>
		<centerX>-93</centerX>
	</drawable>
	<drawable>
		<name>time_array.xml</name>
		<arraytype>8</arraytype>
		<centerX>93</centerX>
	</drawable>
	<drawable>
		<name>weekday.xml</name>
		<arraytype>5</arraytype>
		<centerX>1</centerX>
		<centerY>-129</centerY>
	</drawable>
	<drawable>
		<name>weather_array.xml</name>
		<arraytype>10</arraytype>
		<centerX>-75</centerX>
		<centerY>114</centerY>
	</drawable>
	<drawable>
		<name>battery_array.xml</name>
		<arraytype>14</arraytype>
		<centerX>-11</centerX>
		<centerY>127</centerY>
	</drawable>
	<drawable>
		<name>steps.xml</name>
		<arraytype>12</arraytype>
		<centerX>75</centerX>
		<centerY>128</centerY>
	</drawable>
<!--COMMENTED BY ClockSkinMaker
<metadata gui='rra' version='1.6.0.0'/>
-->
</clockskin>