<clockskin>
    <drawable>
        <name>empty.png</name>
        <rotate>3</rotate>
        <direction>2</direction>
        <mulrotate>-1</mulrotate>
    </drawable>
    <drawable>
        <name>image1.png</name>
        <rotate>3</rotate>
        <mulrotate>-5</mulrotate>
    </drawable>
    <drawable>
        <name>image2.png</name>
    </drawable>
    <drawable>
        <name>image3.png</name>
        <rotate>3</rotate>
        <mulrotate>42</mulrotate>
        <centerX>0</centerX>
        <centerY>100</centerY>
    </drawable>
    <drawable>
        <name>image4.png</name>
    </drawable>
    <drawable>
        <name>image5.png</name>
        <rotate>3</rotate>
        <direction>2</direction>
        <mulrotate>1</mulrotate>
        <centerX>0</centerX>
        <centerY>100</centerY>
    </drawable>
    <drawable>
        <name>digital1.xml</name>
        <arraytype>19</arraytype>
        <centerX>0</centerX>
        <centerY>-100</centerY>
    </drawable>
    <drawable>
        <name>image6.png</name>
    </drawable>
    <drawable>
        <name>image7.png</name>
        <rotate>2</rotate>
        <mulrotate>1</mulrotate>
    </drawable>
    <drawable>
        <name>image8.png</name>
        <rotate>2</rotate>
        <mulrotate>1</mulrotate>
    </drawable>
    <drawable>
        <name>image9.png</name>
        <rotate>3</rotate>
        <mulrotate>1</mulrotate>
    </drawable>
    <drawable>
        <name>image10.png</name>
        <rotate>3</rotate>
        <mulrotate>1</mulrotate>
    </drawable>
    <drawable>
        <name>image11.png</name>
    </drawable>
    <drawable>
        <name>image12.png</name>
        <rotate>7</rotate>
        <mulrotate>1</mulrotate>
    </drawable>
    <drawable>
        <name>image13.png</name>
    </drawable>
    <drawable>
        <name>digital2.xml</name>
        <arraytype>5</arraytype>
        <centerX>102</centerX>
        <centerY>-16</centerY>
    </drawable>
    <drawable>
        <name>digital3.xml</name>
        <arraytype>4</arraytype>
        <centerX>102</centerX>
        <centerY>3</centerY>
    </drawable>
    <drawable>
        <name>digital4.xml</name>
        <arraytype>3</arraytype>
        <centerX>102</centerX>
        <centerY>21</centerY>
    </drawable>
    <drawable>
        <name>image14.png</name>
    </drawable>
    <drawable>
        <name>image15.png</name>
        <rotate>1</rotate>
        <mulrotate>1</mulrotate>
    </drawable>
    <drawable>
        <name>image16.png</name>
        <rotate>1</rotate>
        <mulrotate>1</mulrotate>
    </drawable>
    <drawable>
        <name>image17.png</name>
    </drawable>
</clockskin>
