<clockskin>
    <drawable>
        <name>image1.png</name>
    </drawable>
    <drawable>
        <name>digital1.xml</name>
        <arraytype>12</arraytype>
        <centerX>-85</centerX>
        <centerY>4</centerY>
    </drawable>
    <drawable>
        <name>digital2.xml</name>
        <arraytype>10</arraytype>
        <centerX>98</centerX>
        <centerY>84</centerY>
    </drawable>
    <drawable>
        <name>digital3.xml</name>
        <arraytype>19</arraytype>
        <centerX>5</centerX>
        <centerY>-152</centerY>
    </drawable>
    <drawable>
        <name>digital4.xml</name>
        <arraytype>10</arraytype>
        <centerX>2</centerX>
        <centerY>180</centerY>
    </drawable>
    <drawable>
        <name>digital5.xml</name>
        <arraytype>5</arraytype>
        <centerX>-110</centerX>
        <centerY>-74</centerY>
    </drawable>
    <drawable>
        <arraytype>99</arraytype>
        <centerX>-30</centerX>
        <centerY>51</centerY>
    </drawable>
    <drawable>
        <name>digital6.xml</name>
        <arraytype>5</arraytype>
        <centerX>-121</centerX>
        <centerY>-45</centerY>
    </drawable>
    <drawable>
        <name>digital7.xml</name>
        <arraytype>5</arraytype>
        <centerX>-79</centerX>
        <centerY>-46</centerY>
    </drawable>
    <drawable>
        <name>digital8.xml</name>
        <arraytype>5</arraytype>
        <centerX>-36</centerX>
        <centerY>-45</centerY>
    </drawable>
    <drawable>
        <name>digital9.xml</name>
        <arraytype>5</arraytype>
        <centerX>6</centerX>
        <centerY>-48</centerY>
    </drawable>
    <drawable>
        <name>digital10.xml</name>
        <arraytype>5</arraytype>
        <centerX>49</centerX>
        <centerY>-48</centerY>
    </drawable>
    <drawable>
        <name>digital11.xml</name>
        <arraytype>5</arraytype>
        <centerX>86</centerX>
        <centerY>-47</centerY>
    </drawable>
    <drawable>
        <name>digital12.xml</name>
        <arraytype>1</arraytype>
        <centerX>6</centerX>
        <centerY>-130</centerY>
    </drawable>
    <drawable>
        <name>digital13.xml</name>
        <arraytype>6</arraytype>
        <centerX>2</centerX>
        <centerY>-84</centerY>
    </drawable>
    <drawable>
        <name>digital14.xml</name>
        <arraytype>9</arraytype>
        <centerX>104</centerX>
        <centerY>-75</centerY>
    </drawable>
    <drawable>
        <name>digital15.xml</name>
        <arraytype>13</arraytype>
        <centerX>100</centerX>
        <centerY>4</centerY>
    </drawable>
    <drawable>
        <name>digital16.xml</name>
        <arraytype>11</arraytype>
        <centerX>94</centerX>
        <centerY>110</centerY>
    </drawable>
    <drawable>
        <name>digital17.xml</name>
        <arraytype>14</arraytype>
        <centerX>-107</centerX>
        <centerY>112</centerY>
    </drawable>
    <drawable>
        <rotate>3</rotate>
        <mulrotate>1</mulrotate>
        <centerX>2</centerX>
        <centerY>108</centerY>
        <name>image2.png</name>
    </drawable>
</clockskin>
