<clockskin>
    <drawable>
        <name>image1.png</name>
    </drawable>
    <drawable>
        <color>1</color>
        <name>animated_image_1.xml</name>
        <arraytype>62</arraytype>
    </drawable>
    <drawable>
        <name>image2.png</name>
    </drawable>
    <drawable>
        <name>digital1.xml</name>
        <arraytype>12</arraytype>
        <centerX>-16</centerX>
        <centerY>154</centerY>
    </drawable>
    <drawable>
        <name>digital2.xml</name>
        <arraytype>13</arraytype>
        <centerX>50</centerX>
        <centerY>40</centerY>
    </drawable>
    <drawable>
        <name>digital3.xml</name>
        <arraytype>14</arraytype>
        <centerX>-101</centerX>
        <centerY>112</centerY>
    </drawable>
    <drawable>
        <name>digital4.xml</name>
        <arraytype>6</arraytype>
        <centerX>0</centerX>
        <centerY>-131</centerY>
    </drawable>
    <drawable>
        <name>digital5.xml</name>
        <arraytype>11</arraytype>
        <centerX>106</centerX>
        <centerY>113</centerY>
    </drawable>
    <drawable>
        <name>digital6.xml</name>
        <arraytype>9</arraytype>
        <centerX>138</centerX>
        <centerY>-14</centerY>
    </drawable>
    <drawable>
        <name>digital7.xml</name>
        <arraytype>10</arraytype>
        <centerX>100</centerX>
        <centerY>-108</centerY>
    </drawable>
    <drawable>
        <name>digital8.xml</name>
        <arraytype>5</arraytype>
        <centerX>-100</centerX>
        <centerY>-125</centerY>
    </drawable>
    <drawable>
        <name>digital9.xml</name>
        <arraytype>1</arraytype>
        <centerX>0</centerX>
        <centerY>-163</centerY>
    </drawable>
    <drawable>
        <name>image3.png</name>
    </drawable>
    <drawable>
        <name>digital10.xml</name>
        <arraytype>10</arraytype>
        <centerX>-114</centerX>
        <centerY>66</centerY>
    </drawable>
    <drawable>
        <name>image4.png</name>
    </drawable>
    <drawable>
         <color>1</color>
        <name>animated_image_2.xml</name>
        <arraytype>62</arraytype>
    </drawable>
    <drawable>
         <color>1</color>
        <name>animated_image_3.xml</name>
        <arraytype>62</arraytype>
        <centerX>117</centerX>
        <centerY>64</centerY>
    </drawable>
    <drawable>
         <color>1</color>
        <name>animated_image_4.xml</name>
        <arraytype>62</arraytype>
        <centerX>-113</centerX>
        <centerY>24</centerY>
    </drawable>
    <drawable>
        <rotate>3</rotate>
        <mulrotate>1</mulrotate>
        <name>image5.png</name>
    </drawable>
</clockskin>
