<clockskin>
    <drawable>
        <name>image1.png</name>
    </drawable>
    <drawable>
        <rotate>2</rotate>
        <mulrotate>1</mulrotate>
        <name>image2.png</name>
    </drawable>
    <drawable>
        <name>image3.png</name>
    </drawable>
    <drawable>
        <arraytype>99</arraytype>
        <centerX>-20</centerX>
        <centerY>50</centerY>
    </drawable>
    <drawable>
        <name>digital1.xml</name>
        <arraytype>4</arraytype>
        <centerX>107</centerX>
        <centerY>0</centerY>
    </drawable>
    <drawable>
        <name>digital2.xml</name>
        <arraytype>19</arraytype>
        <centerX>0</centerX>
        <centerY>140</centerY>
    </drawable>
    <drawable>
        <name>digital3.xml</name>
        <arraytype>3</arraytype>
        <centerX>78</centerX>
        <centerY>0</centerY>
    </drawable>
    <drawable>
        <name>image4.png</name>
    </drawable>
    <drawable>
        <rotate>1</rotate>
        <mulrotate>1</mulrotate>
        <name>image5.png</name>
    </drawable>
    <drawable>
        <rotate>2</rotate>
        <mulrotate>1</mulrotate>
        <name>image6.png</name>
    </drawable>
    <drawable>
        <rotate>3</rotate>
        <mulrotate>1</mulrotate>
        <name>image7.png</name>
    </drawable>
</clockskin>
