<clockskin>
    <drawable>
        <name>image1.png</name>
    </drawable>
    <drawable>
        <name>digital1.xml</name>
        <arraytype>13</arraytype>
        <centerX>102</centerX>
        <centerY>-2</centerY>
    </drawable>
    <drawable>
        <name>image2.png</name>
    </drawable>
    <drawable>
        <name>digital2.xml</name>
        <arraytype>6</arraytype>
        <centerX>-82</centerX>
        <centerY>-5</centerY>
    </drawable>
    <drawable>
        <name>digital3.xml</name>
        <arraytype>11</arraytype>
        <centerX>-70</centerX>
        <centerY>90</centerY>
    </drawable>
    <drawable>
        <name>digital4.xml</name>
        <arraytype>12</arraytype>
        <centerX>62</centerX>
        <centerY>90</centerY>
    </drawable>
    <drawable>
        <name>image3.png</name>
    </drawable>
    <drawable>
        <name>digital5.xml</name>
        <arraytype>10</arraytype>
        <centerX>-18</centerX>
        <centerY>88</centerY>
    </drawable>
    <drawable>
        <name>digital6.xml</name>
        <arraytype>5</arraytype>
        <centerX>-80</centerX>
        <centerY>40</centerY>
    </drawable>
    <drawable>
        <name>digital7.xml</name>
        <arraytype>3</arraytype>
        <centerX>82</centerX>
        <centerY>40</centerY>
    </drawable>
    <drawable>
        <name>digital8.xml</name>
        <arraytype>4</arraytype>
        <centerX>0</centerX>
        <centerY>50</centerY>
    </drawable>
    <drawable>
        <name>digital9.xml</name>
        <arraytype>9</arraytype>
        <centerX>-100</centerX>
        <centerY>-40</centerY>
    </drawable>
    <drawable>
        <arraytype>99</arraytype>
        <centerX>-20</centerX>
        <centerY>65</centerY>
    </drawable>
    <drawable>
        <rotate>6</rotate>
        <mulrotate>1</mulrotate>
        <centerX>2</centerX>
        <centerY>-45</centerY>
        <name>image4.png</name>
    </drawable>
    <drawable>
        <name>image5.png</name>
    </drawable>
    <drawable>
        <rotate>1</rotate>
        <mulrotate>1</mulrotate>
        <name>image6.png</name>
    </drawable>
    <drawable>
        <rotate>2</rotate>
        <mulrotate>1</mulrotate>
        <name>image7.png</name>
    </drawable>
    <drawable>
        <rotate>3</rotate>
        <mulrotate>1</mulrotate>
        <name>image8.png</name>
    </drawable>
    <drawable>
        <name>image9.png</name>
    </drawable>
    <drawable>
        <name>digital10.xml</name>
        <arraytype>9</arraytype>
        <centerX>-200</centerX>
        <centerY>0</centerY>
    </drawable>
    <drawable>
        <name>digital11.xml</name>
        <arraytype>9</arraytype>
        <centerX>200</centerX>
        <centerY>0</centerY>
    </drawable>

<drawable>
        <!--ALARM-->
        <arraytype>100</arraytype>
        <centerX>-145</centerX>
        <centerY>-150</centerY>
        <range>60</range>
        <cls>com.android.deskclock.DeskClock</cls>
        <pkg>com.android.deskclock</pkg>
    </drawable>







<!--1 Music at Notes-->
    <drawable>
	<arraytype>100</arraytype>
	<centerX>150</centerX>
	<centerY>180</centerY>
	<range>60</range>
	<cls>com.android.music.MusicBrowserActivity</cls>
	<pkg>com.android.music</pkg>
    </drawable>




<!--10 Power at Power-->
    <drawable>
	<arraytype>100</arraytype>
	<centerX>0</centerX>
	<centerY>-100</centerY>
	<range>60</range>
	<cls>com.android.settings.Settings$PowerUsageSummaryActivity</cls>
	<pkg>com.android.settings</pkg>
    </drawable>


	
	
	  <drawable>
        <!--GOOGLE ASSISTANT-->
        <arraytype>100</arraytype>
        <centerX>0</centerX>
        <centerY>195</centerY>
        <range>60</range>
        <cls>com.google.android.apps.googleassistant.AssistantActivity</cls>
        <pkg>com.google.android.apps.googleassistant</pkg>
    </drawable>
	
	


 <!-- Contacts -->
    <drawable>
        <arraytype>100</arraytype>
        <centerX>150</centerX>
        <centerY>-150</centerY>
        <range>60</range>
    <cls>com.android.contacts.activities.PeopleActivity</cls>
    <pkg>com.android.contacts</pkg>
    </drawable>
	
	
	
	
	 <drawable>
    <!--WEATHER-->
        <arraytype>100</arraytype>
        <centerX>-40</centerX>
        <centerY>130</centerY>
        <range>50</range>
        <cls>com.android.watchweather.WeatherActivity</cls>
        <pkg>com.android.watchweather</pkg>
    </drawable>
	
	
	 <drawable>
    <!--heart_rate-->
       <arraytype>100</arraytype>
       <centerX>100</centerX>
       <centerY>0</centerY>
       <range>70</range>
       <cls>com.cenon.heartrate.HeartRateMonitorActivity</cls>
       <pkg>com.cenon.heartrate</pkg>
    </drawable>
	
	
	<!--17 Maps-->
    <drawable>
	<arraytype>100</arraytype>
	<centerX>-115</centerX>
	<centerY>180</centerY>
	<range>60</range>
	<cls>com.google.android.maps.MapsActivity</cls>
        <pkg>com.google.android.apps.maps</pkg>
    </drawable>
	
	
	<!--16 Brightness -->
    <drawable>
	<arraytype>100</arraytype>
	<centerX>0</centerX>
	<centerY>-180</centerY>
	<range>50</range>
	<cls>com.android.systemui.settings.BrightnessDialog</cls>
	<pkg>com.android.systemui</pkg>
    </drawable>
</clockskin>
