<?xml version="1.0" encoding="utf-8"?>
<clockskin>
	<drawable>
		<name>lackenart vietnamese_background.png</name>
		<rotate>3</rotate>
		<mulrotate>2</mulrotate>
	</drawable>
	<drawable>
		<name>lackenart vietnamese_background 2.png</name>
		<rotate>3</rotate>
		<mulrotate>4</mulrotate>
	</drawable>
	<drawable>
		<name>ge323545ar-002_1.png</name>
		<rotate>3</rotate>
		<centerX>60</centerX>
		<centerY>-81</centerY>
		<mulrotate>9</mulrotate>
	</drawable>
	<drawable>
		<name>lackenart vietnamese-gear.png</name>
		<rotate>3</rotate>
		<centerX>-55</centerX>
		<centerY>-96</centerY>
		<mulrotate>16</mulrotate>
	</drawable>
	<drawable>
		<name>gear-0023213232_2.png</name>
		<rotate>3</rotate>
		<centerX>-91</centerX>
		<centerY>-16</centerY>
		<mulrotate>15</mulrotate>
	</drawable>
	<drawable>
		<name>lackenart vietnamese_frame1.png</name>
	</drawable>
	<drawable>
		<name>Bac332fgfgfg34k.png</name>
		<rotate>3</rotate>
		<centerX>-3</centerX>
		<centerY>87</centerY>
		<mulrotate>31</mulrotate>
	</drawable>
	<drawable>
		<name>ge323534534534545ar-002.png</name>
		<rotate>3</rotate>
		<centerX>-3</centerX>
		<centerY>87</centerY>
		<direction>2</direction>
		<mulrotate>24</mulrotate>
	</drawable>
	<drawable>
		<name>ge323545ar-002.png</name>
		<rotate>3</rotate>
		<centerX>86</centerX>
		<centerY>8</centerY>
		<direction>2</direction>
		<mulrotate>11</mulrotate>
	</drawable>
	<drawable>
		<name>lackenart vietnamese_frame2.png</name>
	</drawable>
	<drawable>
		<name>gear-0023213232.png</name>
		<rotate>3</rotate>
		<mulrotate>4</mulrotate>
	</drawable>
	<drawable>
		<name>lackenart vietnamese_frame4.png</name>
	</drawable>
	<drawable>
		<name>lackenart vietnamese_ocvit2.png</name>
	</drawable>
	<drawable>
		<name>lackenart vietnamese_clocknumber.png</name>
	</drawable>
	<drawable>
		<name>lackenart vietnamese_Minute.png</name>
		<rotate>2</rotate>
	</drawable>
	<drawable>
		<name>lackenart vietnamese_Hour.png</name>
		<rotate>1</rotate>
	</drawable>
	<drawable>
		<name>lackenart vietnamese_ocvit.png</name>
	</drawable>
<!--COMMENTED BY ClockSkinMaker
<metadata gui='rra' version='1.5.0.0'/>
-->
</clockskin>