<clockskin>
    <drawable>
        <name>image1.png</name>
    </drawable>
    <drawable>
        <name>digital1.xml</name>
        <arraytype>10</arraytype>
        <centerX>77</centerX>
        <centerY>-120</centerY>
    </drawable>
    <drawable>
        <rotate>3</rotate>
        <mulrotate>1</mulrotate>
        <centerX>0</centerX>
        <centerY>-36</centerY>
        <name>image2.png</name>
    </drawable>
    <drawable>
        <name>image3.png</name>
    </drawable>
    <drawable>
        <rotate>3</rotate>
        <mulrotate>5</mulrotate>
        <centerX>-148</centerX>
        <centerY>-24</centerY>
        <name>image4.png</name>
    </drawable>
    <drawable>
        <rotate>3</rotate>
        <mulrotate>5</mulrotate>
        <centerX>-148</centerX>
        <centerY>-24</centerY>
        <name>image5.png</name>
    </drawable>
    <drawable>
        <rotate>3</rotate>
        <mulrotate>5</mulrotate>
        <centerX>152</centerX>
        <centerY>-24</centerY>
        <name>image4.png</name>
    </drawable>
    <drawable>
        <rotate>3</rotate>
        <mulrotate>5</mulrotate>
        <centerX>150</centerX>
        <centerY>-24</centerY>
        <name>image5.png</name>
    </drawable>
    <drawable>
        <name>image8.png</name>
    </drawable>
    <drawable>
        <rotate>3</rotate>
        <mulrotate>1</mulrotate>
        <centerX>-78</centerX>
        <centerY>61</centerY>
        <name>image9.png</name>
    </drawable>
    <drawable>
        <rotate>3</rotate>
        <mulrotate>5</mulrotate>
        <centerX>-116</centerX>
        <centerY>96</centerY>
        <name>image10.png</name>
    </drawable>
    <drawable>
        <name>image11.png</name>
    </drawable>
    <drawable>
        <rotate>3</rotate>
        <direction>2</direction>
        <mulrotate>1</mulrotate>
        <centerX>143</centerX>
        <centerY>50</centerY>
        <name>image9.png</name>
    </drawable>
    <drawable>
        <rotate>3</rotate>
        <direction>2</direction>
        <mulrotate>1</mulrotate>
        <centerX>76</centerX>
        <centerY>71</centerY>
        <name>image13.png</name>
    </drawable>
    <drawable>
        <rotate>3</rotate>
        <direction>2</direction>
        <mulrotate>-1</mulrotate>
        <centerX>-142</centerX>
        <centerY>47</centerY>
        <name>image14.png</name>
    </drawable>
    <drawable>
        <name>image15.png</name>
    </drawable>
    <drawable>
        <rotate>3</rotate>
        <direction>2</direction>
        <mulrotate>5</mulrotate>
        <centerX>117</centerX>
        <centerY>96</centerY>
        <name>image10.png</name>
    </drawable>
    <drawable>
        <rotate>3</rotate>
        <direction>2</direction>
        <mulrotate>1</mulrotate>
        <centerX>-39</centerX>
        <centerY>18</centerY>
        <name>image17.png</name>
    </drawable>
    <drawable>
        <rotate>3</rotate>
        <mulrotate>10</mulrotate>
        <centerX>-33</centerX>
        <centerY>135</centerY>
        <name>image18.png</name>
    </drawable>
    <drawable>
        <name>image19.png</name>
    </drawable>
    <drawable>
        <rotate>3</rotate>
        <direction>2</direction>
        <mulrotate>10</mulrotate>
        <centerX>32</centerX>
        <centerY>135</centerY>
        <name>image18.png</name>
    </drawable>
    <drawable>
        <rotate>3</rotate>
        <direction>2</direction>
        <mulrotate>5</mulrotate>
        <centerX>-3</centerX>
        <centerY>46</centerY>
        <name>image21.png</name>
    </drawable>
    <drawable>
        <name>image22.png</name>
    </drawable>
    <drawable>
        <rotate>3</rotate>
        <direction>2</direction>
        <mulrotate>360</mulrotate>
        <centerX>0</centerX>
        <centerY>-138</centerY>
        <name>image23.png</name>
    </drawable>
    <drawable>
        <rotate>3</rotate>
        <direction>2</direction>
        <mulrotate>354</mulrotate>
        <centerX>0</centerX>
        <centerY>-138</centerY>
        <name>image23.png</name>
    </drawable>
    <drawable>
        <name>image25.png</name>
    </drawable>
    <drawable>
        <name>digital2.xml</name>
        <arraytype>5</arraytype>
        <centerX>-84</centerX>
        <centerY>-112</centerY>
    </drawable>
    <drawable>
        <name>digital3.xml</name>
        <arraytype>2</arraytype>
        <centerX>-99</centerX>
        <centerY>-77</centerY>
    </drawable>
    <drawable>
        <name>digital4.xml</name>
        <arraytype>12</arraytype>
        <centerX>-88</centerX>
        <centerY>4</centerY>
    </drawable>
    <drawable>
        <name>image26.png</name>
    </drawable>
    <drawable>
        <name>digital5.xml</name>
        <arraytype>14</arraytype>
        <centerX>86</centerX>
        <centerY>-64</centerY>
    </drawable>
    <drawable>
        <name>image27.png</name>
    </drawable>
    <drawable>
        <name>digital6.xml</name>
        <arraytype>13</arraytype>
        <centerX>98</centerX>
        <centerY>4</centerY>
    </drawable>
    <drawable>
        <name>digital7.xml</name>
        <arraytype>11</arraytype>
        <centerX>112</centerX>
        <centerY>-88</centerY>
    </drawable>
    <drawable>
        <name>image28.png</name>
    </drawable>
    <drawable>
        <rotate>1</rotate>
        <mulrotate>1</mulrotate>
        <name>image29.png</name>
    </drawable>
    <drawable>
        <rotate>2</rotate>
        <mulrotate>1</mulrotate>
        <name>image30.png</name>
    </drawable>
    <drawable>
        <rotate>3</rotate>
        <direction>2</direction>
        <mulrotate>1</mulrotate>
        <name>image31.png</name>
    </drawable>
    <drawable>
        <rotate>3</rotate>
        <mulrotate>1</mulrotate>
        <name>image31.png</name>
    </drawable>
    <drawable>
        <rotate>3</rotate>
        <mulrotate>1</mulrotate>
        <name>image33.png</name>
    </drawable>
    <drawable>
        <name>image34.png</name>
    </drawable>
</clockskin>
