<?xml version="1.0" encoding="utf-8"?>
<clockskin>
	<drawable>
		<name>panel-main.png</name>
	</drawable>
	<drawable>
		<name>cursor.xml</name>
		<arraytype>9</arraytype>
		<centerX>-200</centerX>
		<centerY>111</centerY>
	</drawable>	
    <drawable>
        <name>hourminute_array.xml</name>
        <arraytype>6</arraytype>
        <centerX>70</centerX>
        <centerY>-101</centerY>
    </drawable>	

	<drawable>
		<name>day_array.xml</name>
		<centerX>42</centerX>
		<centerY>-67</centerY>
		<arraytype>4</arraytype>
	</drawable>
	<drawable>
		<name>month_array.xml</name>
		<centerX>104</centerX>
		<centerY>-67</centerY>
		<arraytype>3</arraytype>
	</drawable>	

	<drawable>
		<name>slashfordate.png</name>
        <centerX>70</centerX>
        <centerY>-68</centerY>		
	</drawable>	
	
    <drawable>
        <name>weekday_array-ita.xml</name>
        <arraytype>5</arraytype>
        <centerX>70</centerX>
        <centerY>-31</centerY>
    </drawable>
    <drawable>
        <name>battery_array.xml</name>
        <arraytype>14</arraytype>
        <centerX>70</centerX>
        <centerY>9</centerY>
    </drawable>
    <drawable>
        <name>steps_array.xml</name>
        <arraytype>12</arraytype>
        <centerX>70</centerX>
        <centerY>43</centerY>
    </drawable>
    <drawable>
        <name>heartrate_array.xml</name>
        <arraytype>13</arraytype>
        <centerX>70</centerX>
        <centerY>81</centerY>
    </drawable>
    <drawable>
        <name>weather_array-ita.xml</name>
        <arraytype>10</arraytype>
        <centerX>2</centerX>
        <centerY>139</centerY>
    </drawable>
    <drawable>
        <name>temperature_array.xml</name>
        <arraytype>11</arraytype>
        <centerX>11</centerX>
        <centerY>173</centerY>
    </drawable>	
</clockskin>
