<?xml version="1.0" encoding="utf-8"?>
<drawables>
	<image>monthday_array_num_0.png</image>
	<image>monthday_array_num_1.png</image>
	<image>monthday_array_num_2.png</image>
	<image>monthday_array_num_3.png</image>
	<image>monthday_array_num_4.png</image>
	<image>monthday_array_num_5.png</image>
	<image>monthday_array_num_6.png</image>
	<image>monthday_array_num_7.png</image>
	<image>monthday_array_num_8.png</image>
	<image>monthday_array_num_9.png</image>
	<image>monthday_array_num_minus.png</image>
</drawables>
