<?xml version="1.0" encoding="utf-8"?>
<drawables>
	<image>month_array_jan.png</image>
	<image>month_array_feb.png</image>
	<image>month_array_mar.png</image>
	<image>month_array_apr.png</image>
	<image>month_array_may.png</image>
	<image>month_array_jun.png</image>
	<image>month_array_jul.png</image>
	<image>month_array_aug.png</image>
	<image>month_array_sep.png</image>
	<image>month_array_oct.png</image>
	<image>month_array_nov.png</image>
	<image>month_array_dec.png</image>
</drawables>
