<?xml version="1.0" encoding="utf-8"?>
<drawables>
     <image>weather_sunny-ita.png</image>
     <image>weather_cloudy-ita.png</image>
     <image>weather_overcast-ita.png</image>
     <image>weather_foggy-ita.png</image>
     <image>weather_drizzle-ita.png</image>
     <image>weather_showers-ita.png</image>
     <image>weather_thunder-ita.png</image>
     <image>weather_heavyrain-ita.png</image>
     <image>weather_snowy-ita.png</image>
     <image>weather_sleet-ita.png</image>
     <image>weather_hightemp-ita.png</image>
     <image>weather_lowtemp-ita.png</image>
     <image>weather_windy-ita.png</image>
     <image>weather_sunny2-ita.png</image>
     <image>weather_cloudy2-ita.png</image>
</drawables>
