<?xml version="1.0" encoding="utf-8"?>
<drawables>
     <image>weather_sunny.png</image>
     <image>weather_cloudy.png</image>
     <image>weather_overcast.png</image>
     <image>weather_foggy.png</image>
     <image>weather_drizzle.png</image>
     <image>weather_showers.png</image>
     <image>weather_thunder.png</image>
     <image>weather_heavyrain.png</image>
     <image>weather_snowy.png</image>
     <image>weather_sleet.png</image>
     <image>weather_hightemp.png</image>
     <image>weather_lowtemp.png</image>
     <image>weather_windy.png</image>
     <image>weather_sunny2.png</image>
     <image>weather_cloudy2.png</image>
</drawables>
