<?xml version="1.0" encoding="utf-8"?>
<clockskin>
	<drawable>
		<name>clock_bg.png</name>
	</drawable>
	<drawable>
		<name>clock_smallhand_shadow.png</name>
		<rotate>3</rotate>
		<centerX>81</centerX>
		<centerY>-93</centerY>
		<mulrotate>2</mulrotate>
	</drawable>
	<drawable>
		<name>clock_smallhand.png</name>
		<rotate>3</rotate>
		<centerX>80</centerX>
		<centerY>-94</centerY>
		<mulrotate>2</mulrotate>
	</drawable>
	<drawable>
		<name>clock_smallhand.png</name>
		<rotate>6</rotate>
		<centerX>-80</centerX>
		<centerY>-94</centerY>
		<mulrotate>2</mulrotate>
	</drawable>
	<drawable>
		<name>time_array.xml</name>
		<arraytype>7</arraytype>
		<centerX>-65</centerX>
		<centerY>81</centerY>
	</drawable>
	<drawable>
		<name>time_array.xml</name>
		<arraytype>8</arraytype>
		<centerY>81</centerY>
	</drawable>
	<drawable>
		<name>time_array.xml</name>
		<arraytype>9</arraytype>
		<centerX>65</centerX>
		<centerY>81</centerY>
	</drawable>
	<drawable>
		<name>weekday.xml</name>
		<arraytype>5</arraytype>
		<centerX>120</centerX>
		<centerY>-26</centerY>
	</drawable>
	<drawable>
		<name>date.xml</name>
		<arraytype>4</arraytype>
		<centerX>97</centerX>
		<centerY>-4</centerY>
	</drawable>
	<drawable>
		<name>month.xml</name>
		<arraytype>3</arraytype>
		<centerX>135</centerX>
		<centerY>-4</centerY>
	</drawable>
	<drawable>
		<name>date.xml</name>
		<arraytype>16</arraytype>
		<centerX>119</centerX>
		<centerY>18</centerY>
	</drawable>
	<drawable>
		<name>weather_array.xml</name>
		<arraytype>10</arraytype>
		<centerX>-118</centerX>
		<centerY>-16</centerY>
	</drawable>
	<drawable>
		<name>temp.xml</name>
		<arraytype>11</arraytype>
		<centerX>-118</centerX>
		<centerY>25</centerY>
	</drawable>
	<drawable>
		<name>clock_hour_shadow.png</name>
		<rotate>1</rotate>
		<centerX>3</centerX>
		<centerY>3</centerY>
	</drawable>
	<drawable>
		<name>clock_hour.png</name>
		<rotate>1</rotate>
	</drawable>
	<drawable>
		<name>clock_minute_shadow.png</name>
		<rotate>2</rotate>
		<centerX>3</centerX>
		<centerY>3</centerY>
	</drawable>
	<drawable>
		<name>clock_minute.png</name>
		<rotate>2</rotate>
	</drawable>
	<drawable>
		<name>clock_second_shadow.png</name>
		<rotate>3</rotate>
		<centerX>2</centerX>
		<centerY>2</centerY>
	</drawable>
	<drawable>
		<name>clock_second.png</name>
		<rotate>3</rotate>
	</drawable>
<!--COMMENTED BY ClockSkinMaker
<metadata gui='rra' version='1.6.0.0'/>
-->
</clockskin>