<?xml version="1.0" encoding="utf-8"?>
<clockskin>
	<drawable>
		<name>watch_dial.png</name>
	</drawable>
	<drawable>
		<name>day_array.xml</name>
		<arraytype>4</arraytype>
		<centerX>125</centerX>
		<centerY>3</centerY>
	</drawable>
        <drawable>
		<name>clock_skin_hour_s.png</name>
		<rotate>1</rotate>
                <centerX>2</centerX>
		<centerY>-2</centerY>
	</drawable>
        <drawable>
		<name>clock_skin_hour.png</name>
		<rotate>1</rotate>
                <centerX>0</centerX>
		<centerY>0</centerY>
	</drawable>
	<drawable>
		<name>clock_skin_minute_s.png</name>
		<rotate>2</rotate>
                <centerX>2</centerX>
		<centerY>-2</centerY>
	</drawable>
        <drawable>
		<name>clock_skin_minute.png</name>
		<rotate>2</rotate>
                <centerX>0</centerX>
		<centerY>0</centerY>
	</drawable>
        <drawable>
		<name>clock_skin_second_s.png</name>
		<rotate>3</rotate>
                <centerX>2</centerX>
		<centerY>-2</centerY>
	</drawable>
        <drawable>
		<name>clock_skin_second.png</name>
		<rotate>3</rotate>
                <centerX>0</centerX>
		<centerY>0</centerY>
	</drawable>
       
       

	<!--COMMENTED BY Portugal

<metadata gui='rra' version='1.5.0.0'/>
-->
</clockskin>