<?xml version="1.0" encoding="utf-8"?>
<clockskin>
	<drawable>
		<name>clock_bg.png</name>
	</drawable>
	<drawable>
		<name>clock_smallhand_shadow.png</name>
		<rotate>6</rotate>
		<centerX>-101</centerX>
		<centerY>2</centerY>
		<mulrotate>2</mulrotate>
	</drawable>
	<drawable>
		<name>clock_smallhand.png</name>
		<rotate>6</rotate>
		<centerX>-103</centerX>
		<mulrotate>2</mulrotate>
	</drawable>
	<drawable>
		<name>clock_smallhand_shadow.png</name>
		<rotate>3</rotate>
		<centerX>105</centerX>
		<centerY>2</centerY>
		<mulrotate>6</mulrotate>
	</drawable>
	<drawable>
		<name>clock_smallhand.png</name>
		<rotate>3</rotate>
		<centerX>103</centerX>
		<mulrotate>6</mulrotate>
	</drawable>
	<drawable>
		<name>clock_smallhanddate2_shadow.png</name>
		<rotate>4</rotate>
		<centerX>2</centerX>
		<centerY>105</centerY>
	</drawable>
	<drawable>
		<name>clock_smallhanddate2.png</name>
		<rotate>4</rotate>
		<centerY>103</centerY>
	</drawable>
	<drawable>
		<name>clock_smallhanddate1_shadow.png</name>
		<rotate>5</rotate>
		<centerX>2</centerX>
		<centerY>105</centerY>
	</drawable>
	<drawable>
		<name>clock_smallhanddate1.png</name>
		<rotate>5</rotate>
		<centerY>103</centerY>
	</drawable>
	<drawable>
		<name>date.xml</name>
		<arraytype>4</arraytype>
		<centerX>102</centerX>
		<centerY>103</centerY>
	</drawable>
	<drawable>
		<name>clock_hour_shadow.png</name>
		<rotate>1</rotate>
		<centerX>3</centerX>
		<centerY>3</centerY>
	</drawable>
	<drawable>
		<name>clock_hour.png</name>
		<rotate>1</rotate>
	</drawable>
	<drawable>
		<name>clock_minute_shadow.png</name>
		<rotate>2</rotate>
		<centerX>3</centerX>
		<centerY>3</centerY>
	</drawable>
	<drawable>
		<name>clock_minute.png</name>
		<rotate>2</rotate>
	</drawable>
	<drawable>
		<name>clock_second_shadow.png</name>
		<rotate>3</rotate>
		<centerX>2</centerX>
		<centerY>2</centerY>
	</drawable>
	<drawable>
		<name>clock_second.png</name>
		<rotate>3</rotate>
	</drawable>
<!--COMMENTED BY ClockSkinMaker
<metadata gui='rra' version='1.6.0.0'/>
-->
</clockskin>