<?xml version="1.0" encoding="utf-8"?>
<clockskin>
	<drawable>
		<name>LIGEimage3.png</name>
		<centerY>2</centerY>
	</drawable>
        <drawable>
		<name>S1_1.xml</name>
		<arraytype>83</arraytype> 
                 <centerX>2</centerX>
		<centerY>74</centerY>
                <mulrotate>1</mulrotate>
	</drawable>
	<drawable>
		<name>LIGEimage1.png</name>
	</drawable>
        <drawable>
		<name>OUT.xml</name>
		<arraytype>80</arraytype>        
	</drawable>
	<drawable>
		<name>image1.png</name>
		<rotate>6</rotate>
		<centerX>4</centerX>
		<centerY>-68</centerY>
		<mulrotate>2</mulrotate>
	</drawable>
	<drawable>
		<name>LIGEmin1.png</name>
		<rotate>2</rotate>
                <centerX>-70</centerX>
		<centerY>2</centerY>
	</drawable>
	<drawable>
		<name>digital1_1.xml</name>
		<arraytype>4</arraytype>
		<centerX>273</centerX>
		<centerY>72</centerY>
	</drawable>
	<drawable>
		<name>digital1.xml</name>
		<arraytype>4</arraytype>
		<centerX>-116</centerX>
		<centerY>82</centerY>
	</drawable>
        <drawable>
		<name>HR.xml</name>
        <arraytype>81</arraytype>
		<mulrotate>1</mulrotate>
                <centerX>0</centerX>
		<centerY>0</centerY>
	</drawable>
	<drawable>
		<name>MIN.xml</name>
        <arraytype>82</arraytype>
		<mulrotate>1</mulrotate> 
                <centerX>0</centerX>
		<centerY>0</centerY>
	</drawable>  
        <drawable>
		<name>SEC.xml</name>
		<arraytype>83</arraytype> 
                 <centerX>0</centerX>
		<centerY>0</centerY>
                <mulrotate>1</mulrotate>
	</drawable> 
<!--COMMENTED BY ClockSkinMaker
<metadata gui='rra' version='2.0.0.2'/>
-->
</clockskin>