<?xml version="1.0" encoding="utf-8"?>
<clockskin>
	<drawable>
		<name>clock_bg.png</name>
	</drawable>
	<drawable>
		<name>hour_array.xml</name>
		<arraytype>7</arraytype>
		<centerX>-60</centerX>
		<centerY>-61</centerY>
	</drawable>
	<drawable>
		<name>minutes_array.xml</name>
		<arraytype>8</arraytype>
		<centerX>-60</centerX>
		<centerY>59</centerY>
	</drawable>
	<drawable>
		<name>seconds_array.xml</name>
		<arraytype>9</arraytype>
		<centerX>116</centerX>
		<centerY>84</centerY>
	</drawable>
	<drawable>
		<name>weekday_array.xml</name>
		<arraytype>5</arraytype>
		<centerX>123</centerX>
		<centerY>-28</centerY>
	</drawable>
	<drawable>
		<name>date_array.xml</name>
		<arraytype>4</arraytype>
		<centerX>109</centerX>
		<centerY>3</centerY>
	</drawable>
	<drawable>
		<name>month_array.xml</name>
		<arraytype>3</arraytype>
		<centerX>123</centerX>
		<centerY>33</centerY>
	</drawable>
	<drawable>
		<name>weather_array.xml</name>
		<arraytype>10</arraytype>
		<centerY>168</centerY>
	</drawable>
	<drawable>
		<name>temp_array.xml</name>
		<arraytype>11</arraytype>
		<centerX>78</centerX>
		<centerY>164</centerY>
	</drawable>
	<drawable>
		<name>battery_array.xml</name>
		<arraytype>14</arraytype>
		<centerX>109</centerX>
		<centerY>-62</centerY>
	</drawable>
	<drawable>
		<name>weathertext_array.xml</name>
		<arraytype>10</arraytype>
		<centerX>56</centerX>
		<centerY>129</centerY>
	</drawable>
<!--COMMENTED BY ClockSkinMaker
<metadata gui='rra' version='1.6.0.0'/>
-->
</clockskin>