<clockskin>
    <drawable>
        <name>image1.png</name>
    </drawable>
    <drawable>
        <name>digital1.xml</name>
        <arraytype>12</arraytype>
        <centerX>-131</centerX>
        <centerY>-14</centerY>
    </drawable>
    <drawable>
        <name>digital2.xml</name>
        <arraytype>14</arraytype>
        <centerX>-2</centerX>
        <centerY>-100</centerY>
    </drawable>
    <drawable>
        <name>digital3.xml</name>
        <arraytype>13</arraytype>
        <centerX>-2</centerX>
        <centerY>58</centerY>
    </drawable>
    <drawable>
        <name>image2.png</name>
    </drawable>
    <drawable>
        <name>digital4.xml</name>
        <arraytype>7</arraytype>
        <centerX>131</centerX>
        <centerY>-26</centerY>
    </drawable>
    <drawable>
        <name>digital5.xml</name>
        <arraytype>4</arraytype>
        <centerX>115</centerX>
        <centerY>-126</centerY>
    </drawable>
    <drawable>
        <name>digital6.xml</name>
        <arraytype>11</arraytype>
        <centerX>111</centerX>
        <centerY>110</centerY>
    </drawable>
    <drawable>
        <name>digital7.xml</name>
        <arraytype>9</arraytype>
        <centerX>68</centerX>
        <centerY>1</centerY>
    </drawable>
    <drawable>
        <name>digital8.xml</name>
        <arraytype>5</arraytype>
        <centerX>116</centerX>
        <centerY>-99</centerY>
    </drawable>
    <drawable>
        <name>digital9.xml</name>
        <arraytype>8</arraytype>
        <centerX>131</centerX>
        <centerY>43</centerY>
    </drawable>
    <drawable>
        <name>image3.png</name>
    </drawable>
</clockskin>
<!-- Created on WatchFace Designer 0.14.2 beta -->
<!-- Exported for Android 6- Stock ClockSkin Engine -->
