<?xml version="1.0" encoding="utf-8"?>
<clockskin>
	<drawable>
		<name>clock_bg.png</name>
	</drawable>
	<drawable>
		<name>battery_array.xml</name>
		<arraytype>14</arraytype>
		<centerX>-142</centerX>
		<centerY>48</centerY>
	</drawable>
	<drawable>
		<name>steps.xml</name>
		<arraytype>12</arraytype>
		<centerX>147</centerX>
		<centerY>48</centerY>
	</drawable>
	<drawable>
		<name>weekday.xml</name>
		<arraytype>5</arraytype>
		<centerY>18</centerY>
	</drawable>
	<drawable>
		<name>date.xml</name>
		<arraytype>4</arraytype>
		<centerY>45</centerY>
	</drawable>
	<drawable>
		<name>month.xml</name>
		<arraytype>3</arraytype>
		<centerY>70</centerY>
	</drawable>
	<drawable>
		<name>weather_array.xml</name>
		<arraytype>10</arraytype>
		<centerY>-105</centerY>
	</drawable>
	<drawable>
		<name>temp.xml</name>
		<arraytype>11</arraytype>
		<centerY>-73</centerY>
	</drawable>
	<drawable>
		<name>hour_array.xml</name>
		<arraytype>7</arraytype>
		<centerX>-56</centerX>
		<centerY>-28</centerY>
	</drawable>
	<drawable>
		<name>minutes_array.xml</name>
		<arraytype>8</arraytype>
		<centerX>56</centerX>
		<centerY>-28</centerY>
	</drawable>
	<drawable>
		<!--CALENDAR-->
		<arraytype>100</arraytype>
		<centerX>0</centerX>
		<centerY>55</centerY>
		<range>40</range>
		<cls>com.wiite.mycalender.MainActivity</cls>
		<pkg>com.wiite.mycalender</pkg>
	</drawable>
	<drawable>
		<!--BATTERY-->
		<arraytype>100</arraytype>
		<centerX>-149</centerX>
		<centerY>35</centerY>
		<range>40</range>
		<cls>com.android.settings.Settings$PowerUsageSummaryActivity</cls>
		<pkg>com.android.settings</pkg>
	</drawable>
	<drawable>
		<!--FITNESS ON STEPS ICON-->
		<arraytype>100</arraytype>
		<centerX>147</centerX>
		<centerY>23</centerY>
		<range>40</range>
		<cls>com.sprots.wiiteer.fitness.module.main.ui.MainActivity</cls>
		<pkg>com.sprots.wiiteer.fitness</pkg>
	</drawable>
	<drawable>
		<!--WEATHER-->
		<arraytype>100</arraytype>
		<centerX>0</centerX>
		<centerY>-105</centerY>
		<range>40</range>
		<cls>com.android.watchweather.MainNewActivity</cls>
		<pkg>com.android.watchweather</pkg>
	</drawable>
<!--COMMENTED BY ClockSkinMaker
<metadata gui='rra' version='1.6.0.0'/>
-->
</clockskin>