<clockskin>
    <drawable>
        <name>image1.png</name>
    </drawable>
    <drawable>
        <name>digital1.xml</name>
        <arraytype>6</arraytype>
        <centerX>-688</centerX>
        <centerY>24</centerY>
    </drawable>
    <drawable>
        <name>digital2.xml</name>
        <arraytype>6</arraytype>
        <centerX>-366</centerX>
        <centerY>57</centerY>
    </drawable>
    <drawable>
        <name>digital3.xml</name>
        <arraytype>6</arraytype>
        <centerX>345</centerX>
        <centerY>-28</centerY>
    </drawable>
    <drawable>
        <name>digital4.xml</name>
        <arraytype>6</arraytype>
        <centerX>666</centerX>
        <centerY>3</centerY>
    </drawable>
    <drawable>
        <name>digital5.xml</name>
        <arraytype>4</arraytype>
        <centerX>-95</centerX>
        <centerY>-103</centerY>
    </drawable>
    <drawable>
        <name>digital6.xml</name>
        <arraytype>4</arraytype>
        <centerX>269</centerX>
        <centerY>-89</centerY>
    </drawable>
    <drawable>
        <name>digital7.xml</name>
        <arraytype>13</arraytype>
        <centerX>-286</centerX>
        <centerY>-130</centerY>
    </drawable>
    <drawable>
        <name>digital8.xml</name>
        <arraytype>13</arraytype>
        <centerX>93</centerX>
        <centerY>-122</centerY>
    </drawable>
    <drawable>
        <name>digital9.xml</name>
        <arraytype>5</arraytype>
        <centerX>-5</centerX>
        <centerY>-71</centerY>
    </drawable>
    <drawable>
        <name>digital10.xml</name>
        <arraytype>16</arraytype>
        <centerX>-442</centerX>
        <centerY>90</centerY>
    </drawable>
    <drawable>
        <name>digital11.xml</name>
        <arraytype>16</arraytype>
        <centerX>-69</centerX>
        <centerY>102</centerY>
    </drawable>
    <drawable>
        <name>digital12.xml</name>
        <arraytype>16</arraytype>
        <centerX>304</centerX>
        <centerY>114</centerY>
    </drawable>
    <drawable>
        <name>digital13.xml</name>
        <arraytype>16</arraytype>
        <centerX>680</centerX>
        <centerY>125</centerY>
    </drawable>
    <drawable>
        <name>digital14.xml</name>
        <arraytype>3</arraytype>
        <centerX>-1</centerX>
        <centerY>155</centerY>
    </drawable>
    <drawable>
        <name>digital15.xml</name>
        <arraytype>14</arraytype>
        <centerX>-398</centerX>
        <centerY>-163</centerY>
    </drawable>
    <drawable>
        <name>digital16.xml</name>
        <arraytype>14</arraytype>
        <centerX>-22</centerX>
        <centerY>-155</centerY>
    </drawable>
    <drawable>
        <name>digital17.xml</name>
        <arraytype>14</arraytype>
        <centerX>356</centerX>
        <centerY>-147</centerY>
    </drawable>
    <drawable>
        <name>digital18.xml</name>
        <arraytype>9</arraytype>
        <centerX>-20</centerX>
        <centerY>21</centerY>
    </drawable>
    <drawable>
        <name>digital19.xml</name>
        <arraytype>9</arraytype>
        <centerX>357</centerX>
        <centerY>31</centerY>
    </drawable>
    <drawable>
        <name>image2.png</name>
    </drawable>
    <drawable>
        <name>digital20.xml</name>
        <arraytype>12</arraytype>
        <centerX>-862</centerX>
        <centerY>54</centerY>
    </drawable>
    <drawable>
        <name>digital20.xml</name>
        <arraytype>12</arraytype>
        <centerX>-479</centerX>
        <centerY>60</centerY>
    </drawable>
    <drawable>
        <name>digital20.xml</name>
        <arraytype>12</arraytype>
        <centerX>-96</centerX>
        <centerY>66</centerY>
    </drawable>
    <drawable>
        <name>digital20.xml</name>
        <arraytype>12</arraytype>
        <centerX>287</centerX>
        <centerY>72</centerY>
    </drawable>
    <drawable>
        <name>digital20.xml</name>
        <arraytype>12</arraytype>
        <centerX>670</centerX>
        <centerY>79</centerY>
    </drawable>
    <drawable>
        <name>digital21.xml</name>
        <arraytype>11</arraytype>
        <centerX>-628</centerX>
        <centerY>94</centerY>
    </drawable>
    <drawable>
        <name>digital21.xml</name>
        <arraytype>11</arraytype>
        <centerX>-245</centerX>
        <centerY>101</centerY>
    </drawable>
    <drawable>
        <name>digital21.xml</name>
        <arraytype>11</arraytype>
        <centerX>138</centerX>
        <centerY>108</centerY>
    </drawable>
    <drawable>
        <name>digital21.xml</name>
        <arraytype>11</arraytype>
        <centerX>522</centerX>
        <centerY>115</centerY>
    </drawable>
</clockskin>
