<clockskin>
    <drawable>
        <name>image1.png</name>
    </drawable>
    <drawable>
        <name>digital1.xml</name>
        <arraytype>6</arraytype>
        <centerX>46</centerX>
        <centerY>-67</centerY>
    </drawable>
    <drawable>
        <name>digital2.xml</name>
        <arraytype>4</arraytype>
        <centerX>8</centerX>
        <centerY>-43</centerY>
    </drawable>
    <drawable>
        <name>digital3.xml</name>
        <arraytype>5</arraytype>
        <centerX>44</centerX>
        <centerY>-43</centerY>
    </drawable>
    <drawable>
        <name>digital4.xml</name>
        <arraytype>3</arraytype>
        <centerX>88</centerX>
        <centerY>-43</centerY>
    </drawable>
    <drawable>
        <name>digital5.xml</name>
        <arraytype>14</arraytype>
        <centerX>71</centerX>
        <centerY>1</centerY>
    </drawable>
    <drawable>
        <name>digital6.xml</name>
        <arraytype>11</arraytype>
        <centerX>-45</centerX>
        <centerY>68</centerY>
    </drawable>
    <drawable>
        <name>digital7.xml</name>
        <arraytype>10</arraytype>
        <centerX>-71</centerX>
        <centerY>22</centerY>
    </drawable>
    <drawable>
        <name>image2.png</name>
    </drawable>
    <drawable>
        <rotate>1</rotate>
        <mulrotate>1</mulrotate>
        <name>image3.png</name>
    </drawable>
    <drawable>
        <rotate>2</rotate>
        <mulrotate>1</mulrotate>
        <name>image4.png</name>
    </drawable>
    <drawable>
        <rotate>3</rotate>
        <mulrotate>1</mulrotate>
        <name>image5.png</name>
    </drawable>
    <drawable>
        <name>image6.png</name>
    </drawable>
</clockskin>
