<?xml version="1.0" encoding="utf-8"?>
<drawables>
     <image>animation_3_0.png</image>
     <image>animation_3_1.png</image>
     <image>animation_3_2.png</image>
     <image>animation_3_2.png</image>
     <image>animation_3_4.png</image>
     <image>animation_3_5.png</image>
     <image>animation_3_5.png</image>
     <image>animation_3_7.png</image>
     <image>animation_3_8.png</image>
     <image>animation_3_9.png</image>
     <image>animation_3_10.png</image>
     <image>animation_3_11.png</image>
     <image>animation_3_11.png</image>
     <image>animation_3_13.png</image>
     <image>animation_3_14.png</image>
     <image>animation_3_15.png</image>
     <image>animation_3_16.png</image>
     <image>animation_3_17.png</image>
     <image>animation_3_18.png</image>
     <image>animation_3_19.png</image>
     <image>animation_3_19.png</image>
     <image>animation_3_21.png</image>
     <image>animation_3_22.png</image>
     <image>animation_3_22.png</image>
     <image>animation_3_24.png</image>
     <image>animation_3_25.png</image>
     <image>animation_3_26.png</image>
     <image>animation_3_27.png</image>
     <image>animation_3_27.png</image>
     <image>animation_3_29.png</image>
     <image>animation_3_30.png</image>
     <image>animation_3_31.png</image>
     <image>animation_3_32.png</image>
     <image>animation_3_33.png</image>
     <image>animation_3_34.png</image>
     <image>animation_3_35.png</image>
     <image>animation_3_35.png</image>
     <image>animation_3_37.png</image>
     <image>animation_3_38.png</image>
     <image>animation_3_39.png</image>
     <image>animation_3_40.png</image>
     <image>animation_3_41.png</image>
     <image>animation_3_42.png</image>
     <image>animation_3_43.png</image>
     <image>animation_3_44.png</image>
     <image>animation_3_44.png</image>
     <image>animation_3_46.png</image>
     <image>animation_3_47.png</image>
     <image>animation_3_48.png</image>
     <image>animation_3_48.png</image>
     <image>animation_3_50.png</image>
     <image>animation_3_51.png</image>
     <image>animation_3_52.png</image>
     <image>animation_3_52.png</image>
     <image>animation_3_54.png</image>
     <image>animation_3_55.png</image>
     <image>animation_3_56.png</image>
     <image>animation_3_57.png</image>
     <image>animation_3_58.png</image>
     <image>animation_3_59.png</image>
     <image>animation_3_60.png</image>
     <image>animation_3_60.png</image>
     <image>animation_3_62.png</image>
     <image>animation_3_63.png</image>
     <image>animation_3_64.png</image>
     <image>animation_3_65.png</image>
     <image>animation_3_65.png</image>
     <image>animation_3_67.png</image>
     <image>animation_3_68.png</image>
     <image>animation_3_68.png</image>
     <image>animation_3_70.png</image>
     <image>animation_3_71.png</image>
     <image>animation_3_72.png</image>
     <image>animation_3_72.png</image>
     <image>animation_3_74.png</image>
     <image>animation_3_75.png</image>
     <image>animation_3_76.png</image>
     <image>animation_3_76.png</image>
     <image>animation_3_78.png</image>
     <image>animation_3_79.png</image>
     <image>animation_3_80.png</image>
     <image>animation_3_80.png</image>
     <image>animation_3_82.png</image>
     <image>animation_3_83.png</image>
     <image>animation_3_84.png</image>
     <image>animation_3_85.png</image>
     <image>animation_3_85.png</image>
     <image>animation_3_87.png</image>
     <image>animation_3_88.png</image>
     <image>animation_3_89.png</image>
     <image>animation_3_89.png</image>
     <image>animation_3_91.png</image>
     <image>animation_3_92.png</image>
</drawables>
