<?xml version="1.0" encoding="utf-8"?>
<drawables>
     <image>digital12_0.png</image>
     <image>digital12_1.png</image>
     <image>digital12_2.png</image>
     <image>digital12_3.png</image>
     <image>digital12_4.png</image>
     <image>digital12_5.png</image>
     <image>digital12_6.png</image>
     <image>digital12_7.png</image>
     <image>digital12_8.png</image>
     <image>digital12_9.png</image>
     <image>digital12_10.png</image>
     <image>digital12_11.png</image>
     <image>digital12_12.png</image>
     <image>digital12_0.png</image>
     <image>digital12_1.png</image>
</drawables>
