<clockskin>
    <drawable>
        <name>image1.png</name>
    </drawable>
    <drawable>
        <name>digital1.xml</name>
        <arraytype>7</arraytype>
        <centerX>-375</centerX>
        <centerY>-117</centerY>
    </drawable>
    <drawable>
        <name>digital2.xml</name>
        <arraytype>7</arraytype>
        <centerX>106</centerX>
        <centerY>-117</centerY>
    </drawable>
    <drawable>
        <name>digital3.xml</name>
        <arraytype>8</arraytype>
        <centerX>-375</centerX>
        <centerY>-35</centerY>
    </drawable>
    <drawable>
        <name>digital4.xml</name>
        <arraytype>8</arraytype>
        <centerX>106</centerX>
        <centerY>-35</centerY>
    </drawable>
    <drawable>
        <name>digital5.xml</name>
        <arraytype>63</arraytype>
        <centerX>-150</centerX>
        <centerY>-192</centerY>
    </drawable>
    <drawable>
        <name>digital6.xml</name>
        <arraytype>5</arraytype>
        <centerX>-161</centerX>
        <centerY>12</centerY>
    </drawable>
    <drawable>
        <name>digital7.xml</name>
        <arraytype>11</arraytype>
        <centerX>-36</centerX>
        <centerY>-192</centerY>
    </drawable>
    <drawable>
        <name>digital8.xml</name>
        <arraytype>14</arraytype>
        <centerX>-86</centerX>
        <centerY>-192</centerY>
    </drawable>
    <drawable>
        <name>digital9.xml</name>
        <arraytype>2</arraytype>
        <centerX>-98</centerX>
        <centerY>12</centerY>
    </drawable>
    <drawable>
        <name>digital10.xml</name>
        <arraytype>13</arraytype>
        <centerX>-25</centerX>
        <centerY>-153</centerY>
    </drawable>
    <drawable>
        <name>digital11.xml</name>
        <arraytype>55</arraytype>
        <centerX>-32</centerX>
        <centerY>-114</centerY>
    </drawable>
    <drawable>
        <name>image2.png</name>
    </drawable>
</clockskin>
<!-- Created on WatchFace Designer 0.14.2 beta -->
<!-- Exported for Android 7.1+ Stock ClockSkin Engine -->
