<clockskin>
    <drawable>
        <name>image1.png</name>
    </drawable>
    <drawable>
        <name>image2.png</name>
        <rotate>6</rotate>
        <mulrotate>1</mulrotate>
        <centerX>2</centerX>
        <centerY>-85</centerY>
    </drawable>
    <drawable>
        <name>image3.png</name>
        <rotate>6</rotate>
        <mulrotate>1</mulrotate>
        <centerX>0</centerX>
        <centerY>-87</centerY>
    </drawable>
    <drawable>
        <name>image4.png</name>
        <rotate>3</rotate>
        <mulrotate>1</mulrotate>
        <centerX>2</centerX>
        <centerY>89</centerY>
    </drawable>
    <drawable>
        <name>image5.png</name>
        <rotate>3</rotate>
        <mulrotate>1</mulrotate>
        <centerX>0</centerX>
        <centerY>87</centerY>
    </drawable>
    <drawable>
        <name>image6.png</name>
    </drawable>
    <drawable>
        <name>digital1.xml</name>
        <arraytype>7</arraytype>
        <centerX>-125</centerX>
        <centerY>3</centerY>
    </drawable>
    <drawable>
        <name>digital2.xml</name>
        <arraytype>8</arraytype>
        <centerX>127</centerX>
        <centerY>3</centerY>
    </drawable>
</clockskin>
