<?xml version="1.0" encoding="utf-8"?>
<clockskin>
	<drawable>
		<name>clock_bg.png</name>
	</drawable>
	<drawable>
		<name>clock_smallhand.png</name>
		<rotate>6</rotate>
		<centerX>-108</centerX>
		<direction>1</direction>
		<mulrotate>2</mulrotate>
	</drawable>
	<drawable>
		<name>weekday.xml</name>
		<arraytype>5</arraytype>
		<centerX>-2</centerX>
		<centerY>-151</centerY>
	</drawable>
	<drawable>
		<name>date.xml</name>
		<arraytype>4</arraytype>
		<centerX>-2</centerX>
		<centerY>-139</centerY>
	</drawable>
	<drawable>
		<name>month.xml</name>
		<arraytype>3</arraytype>
		<centerX>-2</centerX>
		<centerY>-127</centerY>
	</drawable>
	<drawable>
		<name>weather_array.xml</name>
		<arraytype>10</arraytype>
		<centerX>-28</centerX>
		<centerY>137</centerY>
	</drawable>
	<drawable>
		<name>temp.xml</name>
		<arraytype>11</arraytype>
		<centerX>20</centerX>
		<centerY>144</centerY>
	</drawable>
	<drawable>
		<name>clock_hour.png</name>
		<rotate>1</rotate>
		<centerX>64</centerX>
	</drawable>
	<drawable>
		<name>clock_minute.png</name>
		<rotate>2</rotate>
		<centerX>64</centerX>
	</drawable>
	<drawable>
		<name>clock_second.png</name>
		<rotate>3</rotate>
		<centerX>64</centerX>
	</drawable>
<!--COMMENTED BY ClockSkinMaker
<metadata gui='rra' version='1.6.0.0'/>
-->
</clockskin>