<?xml version="1.0" encoding="utf-8"?>
<drawables>
     <image>animation_3_0.png</image>
     <image>animation_3_1.png</image>
     <image>animation_3_2.png</image>
     <image>animation_3_3.png</image>
     <image>animation_3_4.png</image>
     <image>animation_3_5.png</image>
     <image>animation_1_6.png</image>
     <image>animation_3_7.png</image>
     <image>animation_3_8.png</image>
     <image>animation_3_9.png</image>
     <image>animation_3_10.png</image>
     <image>animation_3_11.png</image>
     <image>animation_3_12.png</image>
     <image>animation_3_13.png</image>
     <image>animation_3_14.png</image>
     <image>animation_3_15.png</image>
     <image>animation_3_16.png</image>
     <image>animation_3_17.png</image>
     <image>animation_3_18.png</image>
     <image>animation_3_19.png</image>
     <image>animation_3_20.png</image>
     <image>animation_3_21.png</image>
     <image>animation_3_20.png</image>
     <image>animation_3_19.png</image>
     <image>animation_3_18.png</image>
     <image>animation_3_17.png</image>
     <image>animation_3_16.png</image>
     <image>animation_3_15.png</image>
     <image>animation_3_14.png</image>
     <image>animation_3_13.png</image>
     <image>animation_3_12.png</image>
     <image>animation_3_11.png</image>
     <image>animation_3_10.png</image>
     <image>animation_3_9.png</image>
     <image>animation_3_8.png</image>
     <image>animation_3_7.png</image>
     <image>animation_1_6.png</image>
     <image>animation_3_5.png</image>
     <image>animation_3_4.png</image>
     <image>animation_3_3.png</image>
     <image>animation_3_2.png</image>
     <image>animation_3_1.png</image>
     <image>animation_3_0.png</image>
     <image>animation_3_43.png</image>
     <image>animation_3_44.png</image>
     <image>animation_3_45.png</image>
     <image>animation_3_46.png</image>
     <image>animation_3_47.png</image>
     <image>animation_3_48.png</image>
     <image>animation_3_49.png</image>
     <image>animation_3_50.png</image>
     <image>animation_3_51.png</image>
     <image>animation_3_50.png</image>
     <image>animation_3_49.png</image>
     <image>animation_3_48.png</image>
     <image>animation_3_47.png</image>
     <image>animation_3_46.png</image>
     <image>animation_3_45.png</image>
     <image>animation_3_44.png</image>
     <image>animation_3_43.png</image>
</drawables>
