<?xml version="1.0" encoding="utf-8"?>
<drawables>
	<image>weather_sunny.png</image>
	<image>weather_cloudy.png</image>
	<image>weather_overcast.png</image>
	<image>weather_fog.png</image>
	<image>weather_rain.png</image>
	<image>weather_showers.png</image>
	<image>weather_t-storm.png</image>
	<image>weather_rainstorm.png</image>
	<image>weather_snow.png</image>
	<image>weather_rainsnow.png</image>
	<image>weather_hot.png</image>
	<image>weather_cold.png</image>
	<image>weather_windy.png</image>
	<image>weather_sunnynight.png</image>
	<image>weather_cloudynight.png</image>
</drawables>