<?xml version="1.0" encoding="utf-8"?>
<clockskin>
	<drawable>
		<name>clock_bg.png</name>
	</drawable>
	<drawable>
		<name>weekday.xml</name>
		<arraytype>5</arraytype>
		<centerX>102</centerX>
		<centerY>-28</centerY>
	</drawable>
	<drawable>
		<name>date.xml</name>
		<arraytype>4</arraytype>
		<centerX>101</centerX>
		<centerY>-2</centerY>
	</drawable>
	<drawable>
		<name>month.xml</name>
		<arraytype>3</arraytype>
		<centerX>102</centerX>
		<centerY>24</centerY>
	</drawable>
	<drawable>
		<name>weather_array.xml</name>
		<arraytype>10</arraytype>
		<centerX>89</centerX>
		<centerY>-101</centerY>
	</drawable>
	<drawable>
		<name>temp.xml</name>
		<arraytype>11</arraytype>
		<centerX>89</centerX>
		<centerY>-68</centerY>
	</drawable>
	<drawable>
		<name>stadiums.xml</name>
		<arraytype>8</arraytype>
		<centerX>265</centerX>
		<centerY>29</centerY>
	</drawable>
	<drawable>
		<name>steps.xml</name>
		<arraytype>12</arraytype>
		<centerY>162</centerY>
	</drawable>
	<drawable>
		<name>battery_array.xml</name>
		<arraytype>14</arraytype>
		<centerX>-82</centerX>
		<centerY>-83</centerY>
	</drawable>
	<drawable>
		<name>clock_hour_shadow.png</name>
		<rotate>1</rotate>
		<centerX>2</centerX>
		<centerY>2</centerY>
	</drawable>
	<drawable>
		<name>clock_hour.png</name>
		<rotate>1</rotate>
	</drawable>
	<drawable>
		<name>clock_minute_shadow.png</name>
		<rotate>2</rotate>
		<centerX>2</centerX>
		<centerY>2</centerY>
	</drawable>
	<drawable>
		<name>clock_minute.png</name>
		<rotate>2</rotate>
	</drawable>
	<drawable>
		<name>clock_second_shadow.png</name>
		<rotate>3</rotate>
		<centerX>2</centerX>
		<centerY>2</centerY>
	</drawable>
	<drawable>
		<name>clock_second.png</name>
		<rotate>3</rotate>
	</drawable>
	<drawable>
		<!--CALENDAR-->
		<arraytype>100</arraytype>
		<centerX>102</centerX>
		<centerY>-2</centerY>
		<range>80</range>
		<cls>com.wiite.mycalender.MainActivity</cls>
		<pkg>com.wiite.mycalender</pkg>
	</drawable>
	<drawable>
		<!--WEATHER-->
		<arraytype>100</arraytype>
		<centerX>89</centerX>
		<centerY>-91</centerY>
		<range>80</range>
		<cls>com.android.watchweather.MainNewActivity</cls>
		<pkg>com.android.watchweather</pkg>
	</drawable>
	<drawable>
		<!--BATTERY-->
		<arraytype>100</arraytype>
		<centerX>-81</centerX>
		<centerY>-97</centerY>
		<range>80</range>
		<cls>com.android.settings.Settings$PowerUsageSummaryActivity</cls>
		<pkg>com.android.settings</pkg>
	</drawable>
<!--COMMENTED BY ClockSkinMaker
<metadata gui='rra' version='1.6.0.0'/>
-->
</clockskin>