<clockskin>
    <drawable>
        <name>image1.png</name>
    </drawable>
    <drawable>
        <name>digital1.xml</name>
        <arraytype>14</arraytype>
    </drawable>
    <drawable>
        <name>digital2.xml</name>
        <arraytype>14</arraytype>
        <centerX>400</centerX>
        <centerY>0</centerY>
    </drawable>
    <drawable>
        <name>digital3.xml</name>
        <arraytype>14</arraytype>
        <centerX>800</centerX>
        <centerY>0</centerY>
    </drawable>
    <drawable>
        <name>image2.png</name>
    </drawable>
    <drawable>
        <name>digital4.xml</name>
        <arraytype>7</arraytype>
        <centerX>-110</centerX>
        <centerY>11</centerY>
    </drawable>
    <drawable>
        <name>digital5.xml</name>
        <arraytype>8</arraytype>
        <centerX>-67</centerX>
        <centerY>92</centerY>
    </drawable>
    <drawable>
        <name>digital6.xml</name>
        <arraytype>4</arraytype>
        <centerX>108</centerX>
        <centerY>-52</centerY>
    </drawable>
    <drawable>
        <name>digital7.xml</name>
        <arraytype>4</arraytype>
        <centerX>107</centerX>
        <centerY>-52</centerY>
    </drawable>
</clockskin>
<!-- Created on WatchFace Designer 0.14.2 beta -->
<!-- Exported for Android 7.1+ Stock ClockSkin Engine -->
