<?xml version="1.0" encoding="utf-8"?>
<clockskin>
	<drawable>
		<name>clock_bg.png</name>
	</drawable>
	<drawable>
		<name>date.xml</name>
		<arraytype>4</arraytype>
		<centerX>-57</centerX>
		<centerY>65</centerY>
	</drawable>
	<drawable>
		<name>year.xml</name>
		<arraytype>16</arraytype>
		<centerX>33</centerX>
		<centerY>146</centerY>
	</drawable>
	<drawable>
		<name>month.xml</name>
		<arraytype>3</arraytype>
		<centerX>-56</centerX>
		<centerY>99</centerY>
	</drawable>
	<drawable>
		<name>weekday.xml</name>
		<arraytype>5</arraytype>
		<centerX>-56</centerX>
		<centerY>32</centerY>
	</drawable>
	<drawable>
		<name>time_array.xml</name>
		<arraytype>6</arraytype>
		<centerX>-57</centerX>
		<centerY>-54</centerY>
	</drawable>
	<drawable>
		<name>santa_array.xml</name>
		<arraytype>9</arraytype>
		<centerX>-208</centerX>
		<centerY>-3</centerY>
	</drawable>
	<drawable>
		<name>bell_array.xml</name>
		<arraytype>9</arraytype>
		<centerX>-280</centerX>
		<centerY>-106</centerY>
	</drawable>
	<drawable>
		<name>xmaslights_array.xml</name>
		<arraytype>9</arraytype>
		<centerX>-227</centerX>
		<centerY>-61</centerY>
	</drawable>
	<drawable>
		<name>xmasball_array.xml</name>
		<arraytype>9</arraytype>
		<centerX>-238</centerX>
		<centerY>-73</centerY>
	</drawable>
<!--COMMENTED BY ClockSkinMaker
<metadata gui='rra' version='1.6.0.0'/>
-->
</clockskin>