<?xml version="1.0" encoding="utf-8"?>
<drawables>
	<image>year-0.png</image>
	<image>year-1.png</image>
	<image>year-2.png</image>
	<image>year-3.png</image>
	<image>year-4.png</image>
	<image>year-5.png</image>
	<image>year-6.png</image>
	<image>year-7.png</image>
	<image>year-8.png</image>
	<image>year-9.png</image>
	<image>year-0.png</image>
<!--COMMENTED BY ClockSkinMaker
<metadata gui='rra' version='1.6.0.0' type='array_day' forecolor='FFFFFF' autoscale='1' font='Roboto' fontstyle='Bold' fontsize='19,99675'>
<content>0</content>
<content>1</content>
<content>2</content>
<content>3</content>
<content>4</content>
<content>5</content>
<content>6</content>
<content>7</content>
<content>8</content>
<content>9</content>
<content>0</content>
</metadata>
-->
</drawables>