<clockskin>
    <drawable>
        <name>image1.png</name>
    </drawable>
    <drawable>
        <rotate>3</rotate>
        <mulrotate>2</mulrotate>
        <centerX>74</centerX>
        <centerY>-34</centerY>
        <name>image2.png</name>
    </drawable>
    <drawable>
        <rotate>6</rotate>
        <mulrotate>2</mulrotate>
        <centerX>-76</centerX>
        <centerY>-33</centerY>
        <name>image2.png</name>
    </drawable>
    <drawable>
        <rotate>7</rotate>
        <mulrotate>1</mulrotate>
        <centerX>0</centerX>
        <centerY>80</centerY>
        <name>image2.png</name>
    </drawable>
    <drawable>
        <name>image5.png</name>
    </drawable>
    <drawable>
        <name>digital1.xml</name>
        <arraytype>4</arraytype>
        <centerX>84</centerX>
        <centerY>47</centerY>
    </drawable>
    <drawable>
        <rotate>1</rotate>
        <mulrotate>1</mulrotate>
        <name>image6.png</name>
    </drawable>
    <drawable>
        <rotate>2</rotate>
        <mulrotate>1</mulrotate>
        <name>image7.png</name>
    </drawable>
    <drawable>
        <rotate>10</rotate>
        <mulrotate>1</mulrotate>
        <name>image8.png</name>
    </drawable>
    <drawable>
        <rotate>3</rotate>
        <mulrotate>1</mulrotate>
        <name>image9.png</name>
    </drawable>
    <drawable>
        <name>image10.png</name>
    </drawable>
</clockskin>
