<clockskin>
    <drawable>
        <name>image1.png</name>
    </drawable>
    <drawable>
        <rotate>6</rotate>
        <mulrotate>1</mulrotate>
        <name>image2.png</name>
    </drawable>
    <drawable>
        <name>image3.png</name>
    </drawable>
    <drawable>
        <name>digital1.xml</name>
        <arraytype>4</arraytype>
        <centerX>-70</centerX>
        <centerY>-39</centerY>
    </drawable>
    <drawable>
        <name>digital2.xml</name>
        <arraytype>6</arraytype>
        <centerX>-70</centerX>
        <centerY>35</centerY>
    </drawable>
    <drawable>
        <name>digital3.xml</name>
        <arraytype>12</arraytype>
        <centerX>63</centerX>
        <centerY>-72</centerY>
    </drawable>
    <drawable>
        <name>digital4.xml</name>
        <arraytype>13</arraytype>
        <centerX>79</centerX>
        <centerY>-23</centerY>
    </drawable>
    <drawable>
        <name>digital5.xml</name>
        <arraytype>11</arraytype>
        <centerX>67</centerX>
        <centerY>24</centerY>
    </drawable>
    <drawable>
        <name>image4.png</name>
    </drawable>
    <drawable>
        <rotate>1</rotate>
        <mulrotate>1</mulrotate>
        <centerX>-71</centerX>
        <centerY>0</centerY>
        <name>image5.png</name>
    </drawable>
    <drawable>
        <rotate>2</rotate>
        <mulrotate>1</mulrotate>
        <centerX>-71</centerX>
        <centerY>0</centerY>
        <name>image6.png</name>
    </drawable>
    <drawable>
        <name>image7.png</name>
    </drawable>
    <drawable>
        <rotate>3</rotate>
        <mulrotate>2</mulrotate>
        <centerX>0</centerX>
        <centerY>103</centerY>
        <name>image8.png</name>
    </drawable>
    <drawable>
        <name>digital6.xml</name>
        <arraytype>10</arraytype>
        <centerX>85</centerX>
        <centerY>80</centerY>
    </drawable>
    <drawable>
        <name>image9.png</name>
    </drawable>
    <drawable>
        <rotate>10</rotate>
        <mulrotate>1</mulrotate>
        <name>image10.png</name>
    </drawable>
    <drawable>
        <rotate>3</rotate>
        <mulrotate>1</mulrotate>
        <name>image11.png</name>
    </drawable>
</clockskin>
