<clockskin>
    <drawable>
        <name>image1.png</name>
    </drawable>
    <drawable>
        <name>digital1.xml</name>
        <arraytype>6</arraytype>
        <centerX>0</centerX>
        <centerY>97</centerY>
    </drawable>
    <drawable>
        <name>digital2.xml</name>
        <arraytype>9</arraytype>
        <centerX>106</centerX>
        <centerY>103</centerY>
    </drawable>
    <drawable>
        <name>digital3.xml</name>
        <arraytype>14</arraytype>
        <centerX>-109</centerX>
        <centerY>103</centerY>
    </drawable>
    <drawable>
        <name>digital4.xml</name>
        <arraytype>13</arraytype>
        <centerX>-94</centerX>
        <centerY>-38</centerY>
    </drawable>
    <drawable>
        <name>digital5.xml</name>
        <arraytype>12</arraytype>
        <centerX>64</centerX>
        <centerY>-38</centerY>
    </drawable>
    <drawable>
        <name>digital6.xml</name>
        <arraytype>1</arraytype>
        <centerX>0</centerX>
        <centerY>140</centerY>
    </drawable>
    <drawable>
        <name>image2.png</name>
    </drawable>
    <drawable>
        <rotate>1</rotate>
        <mulrotate>1</mulrotate>
        <name>image3.png</name>
    </drawable>
    <drawable>
        <rotate>1</rotate>
        <mulrotate>1</mulrotate>
        <name>image4.png</name>
    </drawable>
    <drawable>
        <rotate>2</rotate>
        <mulrotate>1</mulrotate>
        <name>image5.png</name>
    </drawable>
    <drawable>
        <rotate>2</rotate>
        <mulrotate>1</mulrotate>
        <name>image6.png</name>
    </drawable>
    <drawable>
        <name>image7.png</name>
    </drawable>
    <drawable>
        <rotate>3</rotate>
        <mulrotate>1</mulrotate>
        <name>image8.png</name>
    </drawable>
    <drawable>
        <rotate>3</rotate>
        <mulrotate>1</mulrotate>
        <name>image9.png</name>
    </drawable>
</clockskin>
