<?xml version="1.0" encoding="utf-8"?>
<clockskin>
	<drawable>
		<name>clock_bg.png</name>
	</drawable>
	<drawable>
		<name>hour_array.xml</name>
		<arraytype>7</arraytype>
		<centerX>-32</centerX>
		<centerY>-52</centerY>
	</drawable>
	<drawable>
		<name>minutes_array.xml</name>
		<arraytype>8</arraytype>
		<centerX>32</centerX>
		<centerY>-52</centerY>
	</drawable>
	<drawable>
		<name>seconds_array.xml</name>
		<arraytype>9</arraytype>
		<centerX>74</centerX>
		<centerY>-43</centerY>
	</drawable>
	<drawable>
		<name>weekday_array.xml</name>
		<arraytype>5</arraytype>
		<centerX>-68</centerX>
		<centerY>-82</centerY>
	</drawable>
	<drawable>
		<name>date_array.xml</name>
		<arraytype>4</arraytype>
		<centerX>-29</centerX>
		<centerY>-82</centerY>
	</drawable>
	<drawable>
		<name>month_array.xml</name>
		<arraytype>3</arraytype>
		<centerX>11</centerX>
		<centerY>-82</centerY>
	</drawable>
	<drawable>
		<name>year_array.xml</name>
		<arraytype>16</arraytype>
		<centerX>61</centerX>
		<centerY>-82</centerY>
	</drawable>
	<drawable>
		<name>weather_array.xml</name>
		<arraytype>10</arraytype>
		<centerX>-10</centerX>
		<centerY>79</centerY>
	</drawable>
	<drawable>
		<name>temp_array.xml</name>
		<arraytype>11</arraytype>
		<centerX>-63</centerX>
		<centerY>74</centerY>
	</drawable>
	<drawable>
		<name>battery_array.xml</name>
		<arraytype>14</arraytype>
		<centerX>48</centerX>
		<centerY>74</centerY>
	</drawable>
	<drawable>
		<name>clock_hour_shadow.png</name>
		<rotate>1</rotate>
		<centerX>3</centerX>
		<centerY>3</centerY>
	</drawable>
	<drawable>
		<name>clock_hour.png</name>
		<rotate>1</rotate>
	</drawable>
	<drawable>
		<name>clock_minute_shadow.png</name>
		<rotate>2</rotate>
		<centerX>3</centerX>
		<centerY>3</centerY>
	</drawable>
	<drawable>
		<name>clock_minute.png</name>
		<rotate>2</rotate>
	</drawable>
	<drawable>
		<name>clock_second_shadow.png</name>
		<rotate>3</rotate>
		<centerX>2</centerX>
		<centerY>2</centerY>
	</drawable>
	<drawable>
		<name>clock_second.png</name>
		<rotate>3</rotate>
	</drawable>
<!--COMMENTED BY ClockSkinMaker
<metadata gui='rra' version='1.6.0.0'/>
-->
</clockskin>