<clockskin>
    <drawable>
        <name>image1.png</name>
    </drawable>
    <drawable>
        <name>kal.xml</name>
        <arraytype>54</arraytype>
        <centerX>80</centerX>
        <centerY>-88</centerY>
    </drawable>
    <drawable>
        <name>dis.xml</name>
        <arraytype>60</arraytype>
        <centerX>10</centerX>
        <centerY>-88</centerY>
    </drawable>
    <drawable>
        <name>digital3.xml</name>
        <arraytype>12</arraytype>
        <centerX>-63</centerX>
        <centerY>-88</centerY>
    </drawable>
    <drawable>
        <name>digital4.xml</name>
        <arraytype>13</arraytype>
        <centerX>-122</centerX>
        <centerY>-31</centerY>
    </drawable>
    <drawable>
        <name>digital5.xml</name>
        <arraytype>6</arraytype>
        <centerX>100</centerX>
        <centerY>0</centerY>
    </drawable>
    <drawable>
        <name>digital6.xml</name>
        <arraytype>11</arraytype>
        <centerX>-72</centerX>
        <centerY>122</centerY>
    </drawable>
    <drawable>
        <name>digital7.xml</name>
        <arraytype>14</arraytype>
        <centerX>67</centerX>
        <centerY>122</centerY>
    </drawable>
    <drawable>
        <name>digital8.xml</name>
        <arraytype>9</arraytype>
        <centerX>101</centerX>
        <centerY>29</centerY>
    </drawable>
    <drawable>
        <name>digital9.xml</name>
        <arraytype>3</arraytype>
        <centerX>-127</centerX>
        <centerY>0</centerY>
    </drawable>
    <drawable>
        <name>digital10.xml</name>
        <arraytype>4</arraytype>
        <centerX>-81</centerX>
        <centerY>0</centerY>
    </drawable>
    <drawable>
        <name>digital11.xml</name>
        <arraytype>5</arraytype>
        <centerX>-104</centerX>
        <centerY>28</centerY>
    </drawable>
    <drawable>
        <name>digital12.xml</name>
        <arraytype>10</arraytype>
        <centerX>0</centerX>
        <centerY>122</centerY>
    </drawable>
    <drawable>
        <rotate>1</rotate>
        <mulrotate>1</mulrotate>
        <name>image2.png</name>
    </drawable>
    <drawable>
        <rotate>2</rotate>
        <mulrotate>1</mulrotate>
        <centerX>3</centerX>
        <centerY>0</centerY>
        <name>image3.png</name>
    </drawable>
    <drawable>
        <rotate>3</rotate>
        <mulrotate>1</mulrotate>
        <name>image4.png</name>
    </drawable>
    <drawable>
        <arraytype>99</arraytype>
        <centerX>-25</centerX>
        <centerY>58</centerY>
    </drawable>
</clockskin>
