<clockskin>
    <drawable>
        <name>image1.png</name>
    </drawable>
    <drawable>
        <rotate>3</rotate>
        <mulrotate>5</mulrotate>
        <centerX>-45</centerX>
        <centerY>59</centerY>
        <name>image2.png</name>
    </drawable>
    <drawable>
        <rotate>3</rotate>
        <mulrotate>5</mulrotate>
        <centerX>-90</centerX>
        <centerY>-42</centerY>
        <name>image3.png</name>
    </drawable>
    <drawable>
        <rotate>3</rotate>
        <mulrotate>5</mulrotate>
        <centerX>61</centerX>
        <centerY>73</centerY>
        <name>image4.png</name>
    </drawable>
    <drawable>
        <rotate>3</rotate>
        <direction>2</direction>
        <mulrotate>5</mulrotate>
        <centerX>-46</centerX>
        <centerY>-23</centerY>
        <name>image5.png</name>
    </drawable>
    <drawable>
        <rotate>3</rotate>
        <direction>2</direction>
        <mulrotate>10</mulrotate>
        <name>image6.png</name>
    </drawable>
    <drawable>
        <rotate>3</rotate>
        <direction>2</direction>
        <mulrotate>5</mulrotate>
        <centerX>0</centerX>
        <centerY>-116</centerY>
        <name>image7.png</name>
    </drawable>
    <drawable>
        <name>image8.png</name>
    </drawable>
    <drawable>
        <rotate>3</rotate>
        <mulrotate>5</mulrotate>
        <centerX>23</centerX>
        <centerY>-45</centerY>
        <name>image9.png</name>
    </drawable>
    <drawable>
        <name>image10.png</name>
    </drawable>
    <drawable>
        <rotate>3</rotate>
        <direction>2</direction>
        <mulrotate>5</mulrotate>
        <centerX>-3</centerX>
        <centerY>-97</centerY>
        <name>image11.png</name>
    </drawable>
    <drawable>
        <rotate>3</rotate>
        <direction>2</direction>
        <mulrotate>10</mulrotate>
        <centerX>2</centerX>
        <centerY>93</centerY>
        <name>image4.png</name>
    </drawable>
    <drawable>
        <name>image13.png</name>
    </drawable>
    <drawable>
        <rotate>3</rotate>
        <mulrotate>5</mulrotate>
        <centerX>97</centerX>
        <centerY>-1</centerY>
        <name>image14.png</name>
    </drawable>
    <drawable>
        <name>image15.png</name>
    </drawable>
    <drawable>
        <rotate>1</rotate>
        <mulrotate>1</mulrotate>
        <name>image16.png</name>
    </drawable>
    <drawable>
        <rotate>2</rotate>
        <mulrotate>1</mulrotate>
        <name>image17.png</name>
    </drawable>
    <drawable>
        <rotate>3</rotate>
        <direction>2</direction>
        <mulrotate>1</mulrotate>
        <name>image18.png</name>
    </drawable>
    <drawable>
        <name>image19.png</name>
    </drawable>
</clockskin>
