<?xml version="1.0" encoding="utf-8"?>
<drawables>
	<image>battery_num_0.png</image>
	<image>battery_num_1.png</image>
	<image>battery_num_2.png</image>
	<image>battery_num_3.png</image>
	<image>battery_num_4.png</image>
	<image>battery_num_5.png</image>
	<image>battery_num_6.png</image>
	<image>battery_num_7.png</image>
	<image>battery_num_8.png</image>
	<image>battery_num_9.png</image>
	<image>battery_none.png</image>
	<image>battery_percent.png</image>
<!--COMMENTED BY ClockSkinMaker
<metadata gui='rra' version='1.4.8.0' type='array_battery_level' forecolor='FFFFFF' autoscale='1' font='Gang of Three' fontstyle='Regular' fontsize='9.278419'>
<content>0</content>
<content>1</content>
<content>2</content>
<content>3</content>
<content>4</content>
<content>5</content>
<content>6</content>
<content>7</content>
<content>8</content>
<content>9</content>
<content></content>
<content>%</content>
</metadata>
-->
</drawables>