<?xml version="1.0" encoding="utf-8"?>
<clockskin>
	<drawable>
		<name>clock_skin_panel.png</name>
	</drawable>
	<drawable>
		<name>date.xml</name>
		<arraytype>2</arraytype>
		<centerX>-82</centerX>
		<centerY>103</centerY>
	</drawable>
	<drawable>
		<name>battery.xml</name>
		<arraytype>14</arraytype>
		<centerX>141</centerX>
		<centerY>-52</centerY>
	</drawable>
	<drawable>
		<name>hour_shadow.png</name>
		<rotate>8</rotate>
		<centerX>5</centerX>
		<centerY>4</centerY>
	</drawable>
	<drawable>
		<name>hour.png</name>
		<rotate>1</rotate>
	</drawable>
	<drawable>
		<name>minute_shadow.png</name>
		<rotate>9</rotate>
		<centerX>5</centerX>
		<centerY>5</centerY>
	</drawable>
	<drawable>
		<name>minute.png</name>
		<rotate>2</rotate>
	</drawable>
	<drawable>
		<name>second_shadow.png</name>
		<rotate>10</rotate>
		<centerX>3</centerX>
		<centerY>2</centerY>
	</drawable>
	<drawable>
		<name>second.png</name>
		<rotate>3</rotate>
	</drawable>
<!--COMMENTED BY ClockSkinMaker
<metadata gui='rra' version='1.4.8.0'/>
-->
</clockskin>