<?xml version="1.0" encoding="utf-8"?>
<clockskin>
	<drawable>
		<name>clock_bg.png</name>
	</drawable>
	<drawable>
		<name>battery_array.xml</name>
		<arraytype>14</arraytype>
		<centerX>-73</centerX>
		<centerY>142</centerY>
	</drawable>
	<drawable>
		<name>steps.xml</name>
		<arraytype>12</arraytype>
		<centerX>59</centerX>
		<centerY>142</centerY>
	</drawable>
	<drawable>
		<name>weekday.xml</name>
		<arraytype>5</arraytype>
		<centerX>13</centerX>
		<centerY>-58</centerY>
	</drawable>
	<drawable>
		<name>date.xml</name>
		<arraytype>4</arraytype>
		<centerX>126</centerX>
		<centerY>-58</centerY>
	</drawable>
	<drawable>
		<name>month.xml</name>
		<arraytype>3</arraytype>
		<centerX>15</centerX>
		<centerY>58</centerY>
	</drawable>
	<drawable>
		<name>weather_array.xml</name>
		<arraytype>10</arraytype>
		<centerX>-146</centerX>
		<centerY>-48</centerY>
	</drawable>
	<drawable>
		<name>temp.xml</name>
		<arraytype>11</arraytype>
		<centerX>-146</centerX>
		<centerY>-1</centerY>
	</drawable>
	<drawable>
		<name>hour_array.xml</name>
		<arraytype>7</arraytype>
		<centerX>-27</centerX>
	</drawable>
	<drawable>
		<name>minutes_array.xml</name>
		<arraytype>8</arraytype>
		<centerX>85</centerX>
	</drawable>
	<drawable>
		<name>moonphase_array.xml</name>
		<arraytype>19</arraytype>
		<centerX>-146</centerX>
		<centerY>55</centerY>
	</drawable>
	<drawable>
		<name>seconds_array.xml</name>
		<arraytype>9</arraytype>
		<centerX>156</centerX>
		<centerY>22</centerY>
	</drawable>
	<drawable>
		<!--CALENDAR-->
		<arraytype>100</arraytype>
		<centerX>126</centerX>
		<centerY>-58</centerY>
		<range>30</range>
		<cls>com.wiite.mycalender.MainActivity</cls>
		<pkg>com.wiite.mycalender</pkg>
	</drawable>
	<drawable>
		<!--WEATHER-->
		<arraytype>100</arraytype>
		<centerX>-146</centerX>
		<centerY>-48</centerY>
		<range>60</range>
		<cls>com.android.watchweather.MainNewActivity</cls>
		<pkg>com.android.watchweather</pkg>
	</drawable>
	<drawable>
		<!--BATTERY-->
		<arraytype>100</arraytype>
		<centerX>-78</centerX>
		<centerY>143</centerY>
		<range>60</range>
		<cls>com.android.settings.Settings$PowerUsageSummaryActivity</cls>
		<pkg>com.android.settings</pkg>
	</drawable>
	<drawable>
		<!--FITNESS ON STEPS AREA-->
		<arraytype>100</arraytype>
		<centerX>59</centerX>
		<centerY>143</centerY>
		<range>60</range>
		<cls>com.sprots.wiiteer.fitness.module.main.ui.MainActivity</cls>
		<pkg>com.sprots.wiiteer.fitness</pkg>
	</drawable>
<!--COMMENTED BY ClockSkinMaker
<metadata gui='rra' version='1.6.0.0'/>
-->
</clockskin>