<?xml version="1.0" encoding="utf-8"?>
<drawables>
	<image>month-jan.png</image>
	<image>month-feb.png</image>
	<image>month-mar.png</image>
	<image>month-apr.png</image>
	<image>month-may.png</image>
	<image>month-jun.png</image>
	<image>month-jul.png</image>
	<image>month-aug.png</image>
	<image>month-sep.png</image>
	<image>month-oct.png</image>
	<image>month-nov.png</image>
	<image>month-dec.png</image>
<!--COMMENTED BY ClockSkinMaker
<metadata gui='rra' version='1.6.0.0' type='array_month' autoscale='1' font='Times New Roman' fontstyle='Regular' fontsize='16,68432'>
<content>JAN</content>
<content>FEB</content>
<content>MAR</content>
<content>APR</content>
<content>MAY</content>
<content>JUN</content>
<content>JUL</content>
<content>AUG</content>
<content>SEP</content>
<content>OCT</content>
<content>NOV</content>
<content>DEC</content>
</metadata>
-->
</drawables>