﻿<?xml version="1.0" encoding="utf-8"?>
<clockskin>
  <drawable>
    <name>image1.png</name>
  </drawable>
  <drawable>
    <name>digital1.xml</name>
    <arraytype>80</arraytype>
  </drawable>
  <drawable>
    <name>digital2.xml</name>
    <arraytype>83</arraytype>
    <rotate>3</rotate>
    <direction>1</direction>
  </drawable>
  <drawable>
    <name>digital3.xml</name>
    <arraytype>80</arraytype>
  </drawable>
  <drawable>
    <name>digital4.xml</name>
    <arraytype>6</arraytype>
    <centerX>0</centerX>
    <centerY>-2</centerY>
  </drawable>
  <drawable>
    <name>digital5.xml</name>
    <arraytype>14</arraytype>
    <centerX>-2</centerX>
    <centerY>164</centerY>
  </drawable>
  <drawable>
    <name>digital6.xml</name>
    <arraytype>12</arraytype>
    <centerX>-53</centerX>
    <centerY>-69</centerY>
  </drawable>
  <drawable>
    <name>digital7.xml</name>
    <arraytype>13</arraytype>
    <centerX>100</centerX>
    <centerY>-69</centerY>
  </drawable>
  <drawable>
    <name>digital8.xml</name>
    <arraytype>2</arraytype>
    <centerX>-82</centerX>
    <centerY>70</centerY>
  </drawable>
  <drawable>
    <name>digital9.xml</name>
    <arraytype>5</arraytype>
    <centerX>85</centerX>
    <centerY>68</centerY>
  </drawable>
</clockskin>
<!-- Created on WatchFace Designer 0.14.2 beta -->
<!-- Exported for Android 7.1+ Stock ClockSkin Engine -->