<clockskin>
    <drawable>
        <name>image1.png</name>
    </drawable>
    <drawable>
        <name>digital1.xml</name>
        <arraytype>12</arraytype>
        <centerX>-101</centerX>
        <centerY>62</centerY>
    </drawable>
    <drawable>
        <name>digital2.xml</name>
        <arraytype>3</arraytype>
        <centerX>60</centerX>
        <centerY>-22</centerY>
    </drawable>
    <drawable>
        <name>digital3.xml</name>
        <arraytype>5</arraytype>
        <centerX>111</centerX>
        <centerY>11</centerY>
    </drawable>
    <drawable>
        <name>digital4.xml</name>
        <arraytype>4</arraytype>
        <centerX>140</centerX>
        <centerY>-22</centerY>
    </drawable>
    <drawable>
        <name>digital5.xml</name>
        <arraytype>14</arraytype>
        <centerX>0</centerX>
        <centerY>131</centerY>
    </drawable>
    <drawable>
        <name>image2.png</name>
    </drawable>
    <drawable>
        <rotate>1</rotate>
        <mulrotate>1</mulrotate>
        <name>image3.png</name>
    </drawable>
    <drawable>
        <rotate>2</rotate>
        <mulrotate>1</mulrotate>
        <name>image4.png</name>
    </drawable>
    <drawable>
        <rotate>10</rotate>
        <mulrotate>1</mulrotate>
        <name>image5.png</name>
    </drawable>
    <drawable>
        <rotate>3</rotate>
        <mulrotate>1</mulrotate>
        <name>image6.png</name>
    </drawable>
    <drawable>
        <rotate>3</rotate>
        <mulrotate>1</mulrotate>
        <name>image7.png</name>
    </drawable>
</clockskin>
