<clockskin>
    <drawable>
        <name>image1.png</name>
    </drawable>
    <drawable>
        <name>digital1.xml</name>
        <arraytype>6</arraytype>
        <centerX>0</centerX>
        <centerY>-54</centerY>
    </drawable>
    <drawable>
        <name>digital2.xml</name>
        <arraytype>4</arraytype>
        <centerX>170</centerX>
        <centerY>1</centerY>
    </drawable>
    <drawable>
        <name>digital3.xml</name>
        <arraytype>12</arraytype>
        <centerX>-31</centerX>
        <centerY>-101</centerY>
    </drawable>
    <drawable>
        <name>digital4.xml</name>
        <arraytype>13</arraytype>
        <centerX>33</centerX>
        <centerY>-101</centerY>
    </drawable>
    <drawable>
        <name>image2.png</name>
    </drawable>
    <drawable>
        <rotate>6</rotate>
        <mulrotate>2</mulrotate>
        <centerX>96</centerX>
        <centerY>54</centerY>
        <name>image3.png</name>
    </drawable>
    <drawable>
        <rotate>7</rotate>
        <mulrotate>1</mulrotate>
        <centerX>1</centerX>
        <centerY>110</centerY>
        <name>image3.png</name>
    </drawable>
    <drawable>
        <name>digital5.xml</name>
        <arraytype>10</arraytype>
        <centerX>-113</centerX>
        <centerY>-46</centerY>
    </drawable>
    <drawable>
        <rotate>3</rotate>
        <mulrotate>2</mulrotate>
        <centerX>-95</centerX>
        <centerY>54</centerY>
        <name>image3.png</name>
    </drawable>
    <drawable>
        <rotate>1</rotate>
        <mulrotate>1</mulrotate>
        <name>image6.png</name>
    </drawable>
    <drawable>
        <rotate>2</rotate>
        <mulrotate>1</mulrotate>
        <name>image7.png</name>
    </drawable>
    <drawable>
        <rotate>10</rotate>
        <mulrotate>1</mulrotate>
        <name>image8.png</name>
    </drawable>
    <drawable>
        <rotate>3</rotate>
        <mulrotate>1</mulrotate>
        <name>image9.png</name>
    </drawable>
</clockskin>
