<clockskin>
    <drawable>
        <rotate>10</rotate>
        <direction>2</direction>
        <mulrotate>10</mulrotate>
        <name>image1.png</name>
    </drawable>
    <drawable>
        <rotate>3</rotate>
        <direction>2</direction>
        <mulrotate>10</mulrotate>
        <name>image2.png</name>
    </drawable>
    <drawable>
        <name>image3.png</name>
    </drawable>
    <drawable>
        <name>digital1.xml</name>
        <arraytype>9</arraytype>
        <centerX>-200</centerX>
        <centerY>0</centerY>
    </drawable>
    <drawable>
        <name>digital2.xml</name>
        <arraytype>9</arraytype>
        <centerX>200</centerX>
        <centerY>0</centerY>
    </drawable>
    <drawable>
        <name>digital3.xml</name>
        <arraytype>8</arraytype>
        <centerX>80</centerX>
        <centerY>-21</centerY>
    </drawable>
    <drawable>
        <name>digital4.xml</name>
        <arraytype>7</arraytype>
        <centerX>-55</centerX>
        <centerY>-6</centerY>
    </drawable>
    <drawable>
        <name>digital5.xml</name>
        <arraytype>14</arraytype>
        <centerX>-10</centerX>
        <centerY>-130</centerY>
    </drawable>
    <drawable>
        <name>digital6.xml</name>
        <arraytype>19</arraytype>
        <centerX>100</centerX>
        <centerY>72</centerY>
    </drawable>
    <drawable>
        <name>digital17.xml</name>
        <arraytype>63</arraytype>
    </drawable>
    <drawable>
        <name>image4.png</name>
    </drawable>
    <drawable>
        <rotate>3</rotate>
        <direction>2</direction>
        <mulrotate>1</mulrotate>
        <name>image5.png</name>
    </drawable>
    <drawable>
        <name>digital7.xml</name>
        <arraytype>14</arraytype>
        <centerX>-400</centerX>
        <centerY>0</centerY>
    </drawable>
    <drawable>
        <name>digital8.xml</name>
        <arraytype>14</arraytype>
    </drawable>
    <drawable>
        <name>digital9.xml</name>
        <arraytype>14</arraytype>
        <centerX>400</centerX>
        <centerY>0</centerY>
    </drawable>
    <drawable>
        <name>image6.png</name>
    </drawable>
    <drawable>
        <arraytype>99</arraytype>
        <centerX>-27</centerX>
        <centerY>-127</centerY>
    </drawable>
    <drawable>
        <name>digital10.xml</name>
        <arraytype>3</arraytype>
        <centerX>4</centerX>
        <centerY>60</centerY>
    </drawable>
    <drawable>
        <name>digital11.xml</name>
        <arraytype>5</arraytype>
        <centerX>1</centerX>
        <centerY>118</centerY>
    </drawable>
    <drawable>
        <name>digital12.xml</name>
        <arraytype>4</arraytype>
        <centerX>-94</centerX>
        <centerY>71</centerY>
    </drawable>
    <drawable>
        <name>digital13.xml</name>
        <arraytype>50</arraytype>
        <centerX>-163</centerX>
        <centerY>-136</centerY>
    </drawable>
    <drawable>
        <name>digital14.xml</name>
        <arraytype>51</arraytype>
        <centerX>-164</centerX>
        <centerY>133</centerY>
    </drawable>
    <drawable>
        <name>digital15.xml</name>
        <arraytype>50</arraytype>
        <centerX>-102</centerX>
        <centerY>-117</centerY>
    </drawable>
    <drawable>
        <name>digital16.xml</name>
        <arraytype>51</arraytype>
        <centerX>-102</centerX>
        <centerY>117</centerY>
    </drawable>
    <drawable>
        <arraytype>100</arraytype>
        <centerX>120</centerX>
        <centerY>-140</centerY>
        <range>40</range>
        <cls>com.google.android.googlequicksearchbox.VoiceSearchActivity</cls>
        <pkg>com.google.android.googlequicksearchbox</pkg>
    </drawable>
    <drawable>
        <arraytype>100</arraytype>
        <centerX>0</centerX>
        <centerY>-180</centerY>
        <range>40</range>
        <cls>com.android.deskclock.DeskClock</cls>
        <pkg>com.android.deskclock</pkg>
    </drawable>
    <drawable>
        <arraytype>100</arraytype>
        <centerX>-120</centerX>
        <centerY>-140</centerY>
        <range>40</range>
        <cls>com.android.dialer.DialtactsWearActivity</cls>
        <pkg>com.android.dialer</pkg>
    </drawable>
    <drawable>
        <arraytype>100</arraytype>
        <centerX>-120</centerX>
        <centerY>140</centerY>
        <range>40</range>
        <cls>com.android.mms.ui.BootActivity</cls>
        <pkg>com.android.mms</pkg>
    </drawable>
    <drawable>
        <arraytype>100</arraytype>
        <centerX>0</centerX>
        <centerY>180</centerY>
        <range>40</range>
        <cls>com.android.settings.Settings</cls>
        <pkg>com.android.settings</pkg>
    </drawable>
    <drawable>
        <arraytype>100</arraytype>
        <centerX>120</centerX>
        <centerY>140</centerY>
        <range>40</range>
        <cls>com.lumaticsoft.watchdroidassistant.WDPP</cls>
        <pkg>com.lumaticsoft.watchdroidassistant</pkg>
    </drawable>
    <drawable>
        <arraytype>100</arraytype>
        <centerX>0</centerX>
        <centerY>111</centerY>
        <range>30</range>
        <cls>com.android.calendar.AllInOneActivity</cls>
        <pkg>com.android.calendar</pkg>
    </drawable>
    <drawable>
        <arraytype>100</arraytype>
        <centerX>-70</centerX>
        <centerY>-80</centerY>
        <range>35</range>
        <cls>com.android.music.MusicBrowserActivity</cls>
        <pkg>com.android.music</pkg>
    </drawable>
    <drawable>
        <arraytype>100</arraytype>
        <centerX>70</centerX>
        <centerY>-80</centerY>
        <range>35</range>
        <cls>com.crystalmissions.dailytunes.Activities.SplashActivity</cls>
        <pkg>com.crystalmissions.dailytunes</pkg>
    </drawable>
</clockskin>
<!-- Created on WatchFace Designer 0.14.2 beta. -->
<!-- Exported for Universal Launcher -->
