<clockskin>
    <drawable>
        <name>image1.png</name>
    </drawable>
    <drawable>
        <name>digital1.xml</name>
        <arraytype>6</arraytype>
        <centerX>-53</centerX>
        <centerY>-129</centerY>
    </drawable>
    <drawable>
        <name>animated_image_1.xml</name>
        <framerate>3.00000000000000</framerate>
        <centerX>0</centerX>
        <centerY>-15</centerY>
    </drawable>
    <drawable>
        <name>digital2.xml</name>
        <arraytype>3</arraytype>
        <centerX>-74</centerX>
        <centerY>100</centerY>
    </drawable>
    <drawable>
        <name>digital3.xml</name>
        <arraytype>4</arraytype>
        <centerX>63</centerX>
        <centerY>98</centerY>
    </drawable>
    <drawable>
        <name>digital4.xml</name>
        <arraytype>5</arraytype>
        <centerX>0</centerX>
        <centerY>153</centerY>
    </drawable>
    <drawable>
        <name>image1.png</name>
    </drawable>
</clockskin>
