<clockskin>
    <drawable>
        <name>animated_image_1.xml</name>
        <framerate>8.00000000000000</framerate>
    </drawable>
    <drawable>
        <name>digital1.xml</name>
        <arraytype>3</arraytype>
        <framerate>15.00000000000000</framerate>
        <centerX>-135</centerX>
        <centerY>-70</centerY>
    </drawable>
    <drawable>
        <name>digital2.xml</name>
        <arraytype>3</arraytype>
        <framerate>15.00000000000000</framerate>
        <centerX>-66</centerX>
        <centerY>-70</centerY>
    </drawable>
    <drawable>
        <name>digital3.xml</name>
        <arraytype>3</arraytype>
        <framerate>15.00000000000000</framerate>
        <centerX>-5</centerX>
        <centerY>-70</centerY>
    </drawable>
    <drawable>
        <name>digital4.xml</name>
        <arraytype>4</arraytype>
        <framerate>15.00000000000000</framerate>
        <centerX>105</centerX>
        <centerY>-70</centerY>
    </drawable>
    <drawable>
        <name>digital5.xml</name>
        <arraytype>5</arraytype>
        <framerate>15.00000000000000</framerate>
        <centerX>-67</centerX>
        <centerY>135</centerY>
    </drawable>
    <drawable>
        <name>digital6.xml</name>
        <arraytype>5</arraytype>
        <framerate>15.00000000000000</framerate>
        <centerX>10</centerX>
        <centerY>135</centerY>
    </drawable>
    <drawable>
        <name>digital7.xml</name>
        <arraytype>5</arraytype>
        <framerate>15.00000000000000</framerate>
        <centerX>87</centerX>
        <centerY>135</centerY>
    </drawable>
    <drawable>
        <name>digital8.xml</name>
        <arraytype>6</arraytype>
        <framerate>15.00000000000000</framerate>
        <centerX>0</centerX>
        <centerY>28</centerY>
    </drawable>
</clockskin>
