<?xml version="1.0" encoding="utf-8"?>
<drawables>
     <name>animated_image_26.xml</name>
     <name>animated_image_27.xml</name>
     <name>animated_image_28.xml</name>
     <name>animated_image_29.xml</name>
     <name>animated_image_30.xml</name>
     <name>animated_image_31.xml</name>
     <name>animated_image_32.xml</name>
     <name>animated_image_33.xml</name>
     <name>animated_image_34.xml</name>
     <name>animated_image_35.xml</name>
     <name>animated_image_36.xml</name>
     <name>animated_image_37.xml</name>
</drawables>
