<clockskin>
    <drawable>
        <name>image1.png</name>
    </drawable>
    <drawable>
        <name>animated_image_1.xml</name>
        <framerate>35.00000000000000</framerate>
        <centerX>-71</centerX>
        <centerY>-4</centerY>
    </drawable>
    <drawable>
        <name>image2.png</name>
    </drawable>
    <drawable>
        <name>digital1.xml</name>
        <arraytype>6</arraytype>
        <centerX>95</centerX>
        <centerY>-33</centerY>
    </drawable>
    <drawable>
        <name>digital2.xml</name>
        <arraytype>6</arraytype>
        <centerX>95</centerX>
        <centerY>-33</centerY>
    </drawable>
    <drawable>
        <name>digital3.xml</name>
        <arraytype>2</arraytype>
        <centerX>95</centerX>
        <centerY>21</centerY>
    </drawable>
    <drawable>
        <name>digital4.xml</name>
        <arraytype>14</arraytype>
        <centerX>93</centerX>
        <centerY>75</centerY>
    </drawable>
    <drawable>
        <name>digital5.xml</name>
        <arraytype>14</arraytype>
        <centerX>93</centerX>
        <centerY>75</centerY>
    </drawable>
    <drawable>
        <name>digital6.xml</name>
        <arraytype>2</arraytype>
        <centerX>95</centerX>
        <centerY>21</centerY>
    </drawable>
    <drawable>
        <name>digital7.xml</name>
        <arraytype>5</arraytype>
        <centerX>0</centerX>
        <centerY>131</centerY>
    </drawable>
    <drawable>
        <name>digital8.xml</name>
        <arraytype>5</arraytype>
        <centerX>0</centerX>
        <centerY>131</centerY>
    </drawable>
    <drawable>
        <name>digital9.xml</name>
        <arraytype>10</arraytype>
        <centerX>0</centerX>
        <centerY>-111</centerY>
    </drawable>
    <drawable>
        <name>digital10.xml</name>
        <arraytype>10</arraytype>
        <centerX>0</centerX>
        <centerY>-111</centerY>
    </drawable>
    <drawable>
        <name>digital11.xml</name>
        <arraytype>11</arraytype>
        <centerX>1</centerX>
        <centerY>-154</centerY>
    </drawable>
    <drawable>
        <name>digital12.xml</name>
        <arraytype>11</arraytype>
        <centerX>1</centerX>
        <centerY>-154</centerY>
    </drawable>
    <drawable>
        <name>image3.png</name>
    </drawable>
</clockskin>
